name,total_reviews,total_citedin
Angus W Thomson,36,555
Laurence Zitvogel,34,718
Bart N Lambrecht,29,1069
Ralph M Steinman,27,4924
Thomas Bieber,22,101
Nina Bhardwaj,19,329
Carl G Figdor,19,745
Helen C O'Neill,19,128
Paola Ricciardi-Castagnoli,18,191
Yvette van Kooyk,18,661
Yechiel Becker,17,34
Shizuo Akira,16,1020
Bali Pulendran,16,944
Alessandro Moretta,15,459
Caetano Reis e Sousa,15,697
Jacques Banchereau,14,1831
P R Bergstresser,14,66
Richard D Granstein,14,66
Peter Brossart,13,112
Derek N J Hart,13,256
D Schmitt,13,5
Marco Colonna,12,807
Teunis B H Geijtenbeek,12,436
Patrick G Holt,12,101
Alexis M Kalergis,12,66
Karolina Palucka,12,734
Maria Rescigno,12,100
Luigina Romani,12,213
J M Austyn,11,101
Alexander H Enk,11,161
Steffen Jung,11,467
Miriam Merad,11,789
Akira Takashima,11,22
Mary Jo Wick,11,134
Akiko Iwasaki,10,1154
Tsuneyasu Kaisho,10,28
Stella C Knight,10,72
Anna Karolina Palucka,10,280
Lars Ronnblom,10,269
Georg Stingl,10,50
Ranjeny Thomas,10,143
Li Wu,10,393
Luciano Adorini,9,238
Filippo Belardelli,9,202
Yuri V Bobryshev,9,144
Anthony L Cunningham,9,124
Richard L Edelson,9,43
Ian Kimber,9,57
Shigeo Koido,9,55
Antonio Lanzavecchia,9,665
Simone Mocellin,9,56
Michael A Morse,9,27
Frank O Nestle,9,508
Gwendalyn J Randolph,9,596
Jose A Villadangos,9,352
C Garrison Fathman,8,25
Francesca Granucci,8,82
Kayo Inaba,8,95
Ronald Jaffe,8,30
Kenji Kabashima,8,17
Pawel Kalinski,8,356
Christian Kurts,8,75
Yong-Jun Liu,8,1033
Heidrun Moll,8,78
Muriel Moser,8,182
Natalija Novak,8,29
Daniel N Sauder,8,73
Gerold Schuler,8,134
Ken Shortman,8,972
Silvano Sozzani,8,137
Mark C Udey,8,43
Gosse J Adema,7,74
Sebastian Amigorena,7,430
Carlos Ardavin,7,260
Brian J Czerniecki,7,75
Edgar G Engleman,7,32
Guido Ferlazzo,7,117
Misako Matsumoto,7,47
Ignacio Melero,7,27
Mansour Mohamadzadeh,7,41
Adrian E Morelli,7,348
Laszlo Nagy,7,158
Toshiaki Ohteki,7,34
Morikazu Onji,7,29
Sergio Rutella,7,214
Alan Sher,7,135
Alexander Steinkasserer,7,107
Massimo Trucco,7,24
Ulrich H von Andrian,7,705
Cornelia M Weyand,7,88
William W Agace,6,231
Devendra K Agrawal,6,49
Simon M Barratt-Boyes,6,39
Gabrielle T Belz,6,104
Christophe Caux,6,95
Edward A Clark,6,80
Tanja D de Gruijl,6,46
Madhav V Dhodapkar,6,75
Li Feng,6,15
M Goldman,6,11
Hamida Hammad,6,127
Hedi Harizi,6,86
S I Katz,6,55
Brian L Kelsall,6,146
Cornelis J M Melief,6,282
Allan McI Mowat,6,393
Vincent Piguet,6,128
Melissa Pope,6,104
Gabriel A Rabinovich,6,410
Sibylle Schneider-Schaulies,6,58
Michael R Shurin,6,114
Artur Summerfield,6,62
Kunihiko Tamaki,6,9
Cees van Kooten,6,128
Anshu Agrawal,5,65
Setsuya Aiba,5,44
Sandra M Blois,5,92
Vincenzo Cerundolo,5,166
Marie Cumberbatch,5,42
I Jolanda M de Vries,5,108
Richard A Flavell,5,318
Reinhold Forster,5,190
Yang-Xin Fu,5,308
Frederic Geissmann,5,1319
Steve N Georas,5,58
M Eric Gershwin,5,128
Sandra Gessani,5,65
Michael Girardi,5,74
A J Hance,5,9
William R Heath,5,578
Martin Hewison,5,232
Helmut Jonuleit,5,103
Norimitsu Kadowaki,5,45
Martien L Kapsenberg,5,516
Srini V Kaveri,5,25
M L Kripke,5,29
Guido Kroemer,5,220
James G Krueger,5,80
Walter Gottlieb Land,5,25
Robert I Lechler,5,120
Alberto Mantovani,5,118
Ira Mellman,5,786
Kingston H G Mills,5,280
Christian Munz,5,125
Kenneth M Murphy,5,354
Michael B A Oldstone,5,69
Joost J Oppenheim,5,109
Steven Patterson,5,64
Boris Reizis,5,194
Federica Sallusto,5,261
Hansjorg Schild,5,33
Ingo G H Schmidt-Wolf,5,22
Tsukasa Seya,5,33
Warren Strober,5,117
Nicole Suciu-Foca,5,74
A K Szakal,5,123
J G Tew,5,19
Shannon J Turley,5,71
Arjan A van de Loosdrecht,5,11
Johannes Vieweg,5,14
Jim Xiang,5,56
Alma Zernecke,5,57
Maria T Abreu,4,14
Cezmi A Akdis,4,139
Mubeccel Akdis,4,46
Matthew L Albert,4,21
Carl E Allen,4,9
Hans-Joachim Anders,4,41
David Avigan,4,24
Yasmine Belkaid,4,52
Zwi N Berneman,4,27
Karine Breckpot,4,31
Malcolm K Brenner,4,9
Gordon D Brown,4,74
P L Bruijnzeel,4,6
Wei Cao,4,73
David P Carbone,4,98
Francis R Carbone,4,119
Michael C Carroll,4,54
Yongwon Choi,4,91
Stephen P Cobbold,4,66
George Coukos,4,86
Ponciano D Jr Cruz,4,18
Jason G Cyster,4,221
Angus Dalgleish,4,19
Alexander H Dalpke,4,19
Mariapia A Degli-Esposti,4,188
C Dezutter-Dambuyant,4,6
James S Economou,4,37
Paul J Fairchild,4,10
Patricia Fitzgerald-Bocarsly,4,185
Shin-ichiro Fujii,4,15
Masutaka Furue,4,65
Dmitry I Gabrilovich,4,76
Anthony A Gaspari,4,54
Michel Gilliet,4,94
Florent Ginhoux,4,55
Siamon Gordon,4,1489
Mitchell H Grayson,4,42
Matthias Gunzer,4,29
Anne Hosmalin,4,63
David A Hume,4,291
Michio Imawari,4,8
Cristoforo Incorvaia,4,23
Marc K Jenkins,4,304
Dominique Kaiserlian,4,20
Lothar Kanz,4,13
W Martin Kast,4,16
David R Katz,4,57
Howard L Kaufman,4,34
Yutaka Kawakami,4,6
Hitoshi Kikutani,4,114
Jorg Kohl,4,82
Claude Leclerc,4,20
Donald Y M Leung,4,107
Frances E Lund,4,66
H Kim Lyerly,4,39
G Gordon MacPherson,4,30
Nicolas Manel,4,40
Stefan F Martin,4,22
A S McWilliam,4,14
Luis J Montaner,4,125
James J Mule,4,20
George F Murphy,4,4
Brian J Nickoloff,4,38
Yasuharu Nishimura,4,14
Randolph J Noelle,4,228
Luke A J O'Neill,4,340
Mark D Okusa,4,167
Josef M Penninger,4,219
Philippe Pierre,4,34
Magdalena Plebanski,4,86
Stefan Pohlmann,4,60
Paolo Puccetti,4,210
Jose Luis Rodriguez-Fernandez,4,79
Nikolaus Romani,4,72
Mohamed Labib Salem,4,17
Michael L Salgaller,4,10
Dolores J Schendel,4,75
C L Schlichting,4,11
Elodie Segura,4,104
Albert C Shaw,4,216
Suyu Shu,4,33
Franco Silvestris,4,17
Craig L Jr Slingluff,4,19
Mark J Smyth,4,113
Philip A Stumbles,4,38
Melody A Swartz,4,140
Yoshiya Tanaka,4,2
Volker ter Meulen,4,27
Kris Thielemans,4,48
G J Thorbecke,4,51
Marco Tucci,4,30
John W Upham,4,21
Viggo F I Van Tendeloo,4,42
Alain P Vicari,4,163
Hermann Wagner,4,125
Edmund K Waller,4,26
Colin Watts,4,76
Heinz Wiendl,4,47
Ryuya Yamanaka,4,38
Masaki Yasukawa,4,1
Yasunobu Yoshikai,4,10
James W Young,4,63
John S Yu,4,9
Rafi Ahmed,3,145
Paola Allavena,3,30
Anthony C Allison,3,52
Sebastien Anguille,3,74
Vasso Apostolopoulos,3,51
Julia E Babensee,3,63
Martin F Bachmann,3,76
R L Baer,3,1
J N Barker,3,3
Samuel M Behar,3,37
D V Belsito,3,2
Michael J Bevan,3,95
J Magarian Blander,3,127
Andrew Blauvelt,3,62
Bianca Blom,3,74
Marianne Boes,3,16
Andre Boonstra,3,43
Philippe Bousso,3,93
L R Braathen,3,1
Susan M Bueno,3,18
V L Bykov,3,0
Michael A Caligiuri,3,110
Xuetao Cao,3,34
Andrea Cavani,3,9
Benjamin M Chain,3,20
Nathalie Chaput,3,70
Wanjun Chen,3,23
Maurizio Chiriva-Internati,3,14
Georgina J Clark,3,15
P Toby H Coates,3,16
Eliana Marina Coccia,3,29
Matthew Collin,3,103
Nathalie Cools,3,67
Angel L Corbi,3,10
Eric Y Denkers,3,31
Betty Diamond,3,16
Glenn Dranoff,3,14
H A Drexhage,3,5
Leisha A Emens,3,37
O Eremin,3,14
David Escors,3,38
Francesca Fallarino,3,70
Barbara Fazekas de St Groth,3,4
Robert L Ferris,3,39
Patricia W Finn,3,18
Dmitry Gabrilovich,3,254
Beatrice Gaugler,3,21
Ronald N Germain,3,88
Eli Gilboa,3,232
Jennifer L Gommerman,3,30
John Greenman,3,16
Marc Gregoire,3,24
Silvia Gregori,3,31
Marcus Groettrup,3,28
Gunther Hartmann,3,52
Wendy L Havran,3,96
Norio Hayashi,3,22
Catharien M U Hilkens,3,72
Kenya Honda,3,15
C J Howard,3,9
Jim Hu,3,65
Jeremy Hughes,3,49
Muneo Inaba,3,8
Tomoki Ito,3,63
Pooja Jain,3,17
Ravi Jotwani,3,65
Tatsuya Kanto,3,10
Daniel H Kaplan,3,106
Mariana J Kaplan,3,58
Emmanuel Katsanis,3,45
Toshio Kitawaki,3,7
Eynav Klechevsky,3,18
Arthur M Krieg,3,442
Mi-Na Kweon,3,33
Andrea Ladanyi,3,12
Nicolas Larmonier,3,49
Afsaneh Lavasanifar,3,38
Maria Cristina Lebre,3,18
Kevin L Legge,3,65
Klaus Ley,3,350
Xian Chang Li,3,24
Peter E Lipsky,3,44
Y J Liu,3,242
Burkhard Ludewig,3,15
Nicholas W Lukacs,3,40
Andrzej Mackiewicz,3,10
Andrew J Macpherson,3,99
Masahiko Makino,3,0
Markus G Manz,3,63
Angelo Martino,3,27
Chantal Mathieu,3,19
H J McKenna,3,39
Andrew L Mellor,3,522
Stephen D Miller,3,114
Simon W F Milling,3,43
Boris R Minev,3,0
Pierre Miossec,3,13
Laurent Misery,3,29
Philippe Moingeon,3,6
Lyle L Moldawer,3,86
J Rodrigo Mora,3,73
Lorenzo Moretta,3,53
Luc Mouthon,3,1
H Konrad Muller,3,62
Shalin H Naik,3,51
Smita Nair,3,16
Jacques Neefjes,3,222
Peter J Nelson,3,100
L P Nicod,3,19
J F Nicolas,3,8
Mary Norval,3,22
Michel C Nussenzweig,3,965
Pamela S Ohashi,3,47
Naoki Okada,3,1
Daniel Olive,3,26
Waldemar L Olszewski,3,8
Rodrigo Pacheco,3,29
Elzbieta Pajtasz-Piasecka,3,5
Eric G Pamer,3,404
Chandrashekhar Pasare,3,163
George E Peoples,3,11
Gerald E Pierard,3,12
Claudio Ponticelli,3,8
Fiona Powrie,3,314
T R D J Radstake,3,17
Eva Rajnavolgyi,3,28
Jeffrey V Ravetch,3,359
C D Reid,3,8
Hans-Christian Reinecker,3,56
Brian I Rini,3,15
Paul D Robbins,3,15
Kenneth L Rock,3,98
Jacalyn Rosenblatt,3,12
Daniel R Saban,3,19
Marcus D Saemann,3,158
Flavio Salazar-Onfray,3,12
John H Sampson,3,16
Alessandro D Santin,3,17
Katsuaki Sato,3,21
Detlef Schlondorff,3,55
Michael Schmitt,3,16
Marc Schmitz,3,72
Matthias Schott,3,19
Thomas Schwarz,3,2
Ethan M Shevach,3,42
Shinji Shimada,3,18
Jan C Simon,3,28
Mouldy Sioud,3,15
Hermelijn H Smits,3,55
Hergen Spits,3,52
Andrew J Stagg,3,70
Mary M Stevenson,3,199
Patrizia Stoitzner,3,127
Urban Svajger,3,24
Inge Marie Svane,3,48
Gyongyi Szabo,3,37
Hideaki Tahara,3,29
Yousuke Takahama,3,42
Hidemi Takahashi,3,5
A J Thrasher,3,10
Toshihiko Torigoe,3,13
Dale T Umetsu,3,14
Britta C Urban,3,47
Jenny Valladeau,3,84
Leonie S van Rijt,3,42
Hendrik Veelken,3,13
Eric Vivier,3,197
Michael S von Bergwelt-Baildon,3,38
Esther von Stebut,3,12
Herman Waldmann,3,15
Yonghong Wan,3,26
Ji Ming Wang,3,23
Rong-Fu Wang,3,24
Carl F Ware,3,103
Stephanie S Watowich,3,51
David B Weiner,3,79
Wolfgang Weninger,3,42
Theresa L Whiteside,3,62
K Wolff,3,14
Andrea M Woltman,3,75
T C Wu,3,43
Xi Yang,3,16
Osamu Yoshie,3,7
Akihiko Yoshimura,3,65
Martin Zenke,3,12
Sheng Zhang,3,29
Yanyun Zhang,3,6
Yong Zhao,3,29
Weiping Zou,3,487
N J Zvaifler,3,8
Reza Abdi,2,100
Roberto S Accolla,2,1
Sylvia Adams,2,27
Juan Carlos Aguillon,2,9
Jeffrey D Ahlers,2,12
Omid Akbari,2,5
Hafid Omar Al-Hassi,2,1
Jorge Alcocer-Varela,2,16
Frank Alderuccio,2,5
Selman A Ali,2,36
J-P Allam,2,19
Costica Aloman,2,8
Marcus Altfeld,2,74
Joseph G Altin,2,17
Masayuki Amagai,2,10
Amedeo Amedei,2,20
Veronique Angeli,2,30
Fabienne Anjuere,2,5
R J Arceci,2,25
Kazuhiko Arima,2,6
Anne C Armstrong,2,5
Khusru Asadullah,2,30
Keyoumars Ashkan,2,3
Francois Aubin,2,19
David E Avigan,2,16
Alfred Ayala,2,84
O Baadsgaard,2,6
Santu Bandyopadhyay,2,13
Vincenzo Barnaba,2,3
Markus J Barten,2,4
F Basset,2,4
Jagadeesh Bayry,2,22
Kenneth W Beagley,2,21
Stefan Beissert,2,12
Matteo Bellone,2,11
Igor M Belyakov,2,84
C Berberich,2,13
G Bergenholtz,2,10
Carole L Berger,2,6
M Cecilia Berin,2,19
B Berman,2,0
Alfons Billiau,2,168
Pia Bjorck,2,3
H E Blum,2,5
Richard S Blumberg,2,55
Irene Bonaccorsi,2,4
J D Bos,2,34
Aldar S Bourinbaiar,2,9
Thomas J Braciale,2,25
S M Breathnach,2,1
Michael B Brenner,2,106
Renier J Brentjens,2,4
Francine Briere,2,32
J S Bromberg,2,2
Melissa A Brown,2,32
C Bruijnzeel-Koomen,2,0
Guy G Brusselle,2,129
J Bubenik,2,4
Tomas Buchler,2,3
Patricia C Buchsel,2,3
Luigi Buonaguro,2,31
Sven Burgdorf,2,15
William J Burlingham,2,10
Eugene C Butcher,2,99
Lisa H Butterfield,2,24
Philip C Calder,2,38
Irina Caminschi,2,33
Martin J Cannon,2,8
Ewa Carrier,2,36
Andrea Cerutti,2,31
Alfred E Chang,2,1
Irshad H Chaudry,2,45
Martin A Cheever,2,85
Mirna Chehade,2,47
Hu Chen,2,0
Hongbo Chi,2,13
Javier Chinen,2,2
Shubhada Chiplunkar,2,34
A Choudhury,2,3
Christina S Chu,2,9
D F Claxton,2,2
Edward P Cohen,2,5
C A Colaco,2,6
Jose R Conejo-Garcia,2,30
John Edward Connolly,2,4
Curdin Conrad,2,11
Anne Cooke,2,121
K D Cooper,2,53
Emanuela Corsini,2,10
Michael Croft,2,20
Maria Alicia Curotto de Lafaille,2,300
B D Curti,2,1
Maria C Cuturi,2,18
Myron I Cybulsky,2,19
J Czernielewski,2,0
Reza Dana,2,4
Christian Davrinche,2,9
R A Daynes,2,1
Bruno G De Geest,2,10
Carl De Trez,2,11
William K Decker,2,3
Mario Delgado,2,15
Anthony J Demetris,2,4
Timothy L Denning,2,4
M Di Nicola,2,1
James P Di Santo,2,103
Sandra S Diebold,2,37
Guillaume Dighiero,2,2
Dagmar Dilloo,2,4
Robert W Doms,2,26
Charles G Drake,2,9
B Dreno,2,0
Danuta Dus,2,0
Eyad Elkord,2,21
Wilfried Ellmeier,2,26
Bart Everts,2,62
Muller Fabbri,2,2
Marika Falcone,2,8
A S Fauci,2,29
Maryam Feili-Hariri,2,6
Marc Feldmann,2,42
Silvano Ferrini,2,18
Olivera J Finn,2,17
Katherine A Fitzgerald,2,58
Helena F Florindo,2,18
Silvia C Formenti,2,86
Francine M Foss,2,19
S Fossum,2,6
Aaron E Foster,2,5
Jean-Jacques Fournie,2,9
Franco Frati,2,7
P S Friedmann,2,4
Yoshinori Fukui,2,14
Udo S Gaipl,2,31
Thomas F Gajewski,2,43
Jacques Galipeau,2,11
Jian-Qing Gao,2,14
Natalio Garbi,2,18
J S Hill Gaston,2,8
William C Gause,2,85
Yair Gazitt,2,11
Jorge Geffner,2,27
G Frank Gerberick,2,4
Laurel J Gershwin,2,6
Nick Giannoukakis,2,19
Angel Gil,2,23
Michelle Ann Gill,2,24
G Girolomoni,2,11
Gregory M Glenn,2,37
B Glick,2,9
Michael S Goldberg,2,18
Daniel R Goldstein,2,17
Jianlin Gong,2,25
Jean-Pierre Gorvel,2,18
Alice B Gottlieb,2,10
S Grabbe,2,12
Stephen H Gregory,2,24
Tim F Greten,2,14
Ursula Grohmann,2,5
Wolgang L Gross,2,9
Herve Groux,2,25
Beatrix Grubeck-Loebenstein,2,100
Gabriele Grunig,2,10
Pierre Guermonprez,2,328
Sudhir Gupta,2,23
Bumsuk Hahm,2,31
Young S Hahn,2,21
Cornelia Halin,2,15
Muzlifah Haniffa,2,45
Arno Hanninen,2,3
William Harnett,2,18
John T Harty,2,118
Mamoru Hasegawa,2,5
Robert E Hawkins,2,0
Linda D Hazlett,2,21
Hiroaki Hemmi,2,424
Michael Hensel,2,60
Farhad Heshmati,2,11
Helen E Heslop,2,19
E C Hoefsmit,2,20
Stephen T Holgate,2,127
Bernhard Homey,2,18
A-H Hovav,2,16
He Huang,2,2
Iwona Hus,2,4
Ken J Ishii,2,96
Akihiro Ishizu,2,0
Makoto Iwata,2,39
David G Jackson,2,55
Joshy Jacob,2,10
Elaine S Jaffe,2,18
Frode L Jahnsen,2,14
Edith M Janssen,2,4
Peter E Jensen,2,74
Dieter Jocham,2,6
Douglas E Jones,2,8
Gareth E Jones,2,76
Manel Jordana,2,2
Regis Josien,2,14
Szczepan Jozefowski,2,5
Ulrich Kalinke,2,9
E W Kamperdijk,2,23
E Kampgen,2,10
Tatsuyoshi Kawamura,2,0
Denise Kelly,2,33
Lajos Kemeny,2,18
Ashok Khar,2,1
Hiroshi Kiyono,2,20
Bernard Klein,2,21
Dennis M Klinman,2,24
W Knapp,2,46
Percy A Knolle,2,109
J N Kochenderfer,2,10
Jay K Kolls,2,41
Yrjo T Konttinen,2,2
Firouzeh Korangy,2,19
Heinrich Korner,2,26
M H Kosco,2,0
Elizabeth J Kovacs,2,124
Shigeo Koyasu,2,153
G Kraal,2,87
Anne Krug,2,10
Akiharu Kubo,2,0
Masato Kubo,2,362
Steven L Kunkel,2,31
Jon Amund Kyte,2,17
P J Lane,2,10
Jean Langhorne,2,44
Lewis L Lanier,2,204
Adriana T Larregina,2,35
Marie Larsson,2,19
Krzysztof Laudanski,2,2
Alan H Lazarus,2,9
Agnes Le Bon,2,210
Kelvin P Lee,2,9
Agnes Lehuen,2,10
Roberto M Lemoli,2,0
Petar S Lenert,2,27
Laurel L Lenz,2,38
Warren J Leonard,2,217
Lee Leserman,2,5
Sharon R Lewin,2,12
Gang Li,2,54
Yan Li,2,0
Frederick R Liewehr,2,21
Michael Lim,2,13
Hans Link,2,12
G B Lipford,2,2
Dan R Littman,2,24
L M Liu,2,8
Jose Alejandro Lopez,2,64
Mercedes N Lopez,2,9
Franco Lori,2,9
M T Lotze,2,21
Michelle A Lowes,2,75
Lina Lu,2,22
Qianjin Lu,2,0
Theresa T Lu,2,9
Esther Lutgens,2,61
Manfred B Lutz,2,16
David H Lynch,2,35
Crystal L Mackall,2,106
Andreas Mackensen,2,26
I C MacLennan,2,474
Joaquin Madrenas,2,6
Renaud Mahieux,2,13
T W Mak,2,5
Bernard Malissen,2,45
F M Marincola,2,2
Javier Martinez-Picado,2,61
M Mason,2,33
Lina Matera,2,16
Sho Matsushita,2,0
Marcus Maurer,2,31
Kenneth C McCullough,2,9
Michael G McHeyzer-Williams,2,25
P G McMenamin,2,19
Douglas G McNeel,2,3
Ruslan Medzhitov,2,121
Hans F Merk,2,4
Jordan Patrick Metcalf,2,10
L Meunier,2,9
Rachel S Midgley,2,2
Simon Milling,2,34
Wei-Ping Min,2,10
Pradyumna Kumar Mishra,2,6
Mahtab Moayeri,2,135
Mohamad Mohty,2,6
Claudia Monaco,2,32
Gil Mor,2,78
P J Morris,2,16
Shinichiro Motohashi,2,1
Christiane Mousson,2,5
U Mrowietz,2,9
Anne Muller,2,33
L M Nadler,2,15
Hideyuki Nagasawa,2,7
Cathryn Nagler-Anderson,2,10
Arnon Nagler,2,8
S K Nair,2,33
Shuh Narumiya,2,65
J B Natvig,2,2
Olivier Neyrolles,2,2
Christian Nezelof,2,4
Florence Niedergang,2,39
Jan Hendrik Niess,2,20
Falk Nimmerjahn,2,24
Takashi Nishimura,2,30
Elfriede Noessner,2,8
Christopher C Norbury,2,44
James J Nordlund,2,13
Mahyar Nouri-Shirazi,2,11
Stephen L Nutt,2,31
Meredith O'Keeffe,2,12
Liam O'Mahony,2,17
David W O'Neill,2,8
Hans D Ochs,2,21
Hirokazu Okada,2,0
Imre Olah,2,1
Johanna Olweus,2,15
C E Orfanos,2,215
M E Osband,2,3
Suzanne Ostrand-Rosenberg,2,96
H Pandha,2,0
Ian Parker,2,26
Steve Pascolo,2,24
Virginia Pascual,2,143
Graham Pawelec,2,5
Edward J Pearce,2,73
J Peguet-Navarro,2,0
Serena Pellegatta,2,7
Marcelo J Perone,2,8
Sylvain Perruche,2,8
J H Peters,2,41
Simon Phipps,2,46
Charles Pilette,2,3
Herbert M Pinedo,2,6
David S Pisetsky,2,25
Hidde L Ploegh,2,170
Jan Plzak,2,2
Gabriele Pollara,2,12
Jose Antonio Pons,2,2
F Potet,2,2
J D Pound,2,8
Matthew E Poynter,2,24
Bellur S Prabhakar,2,25
C J A Punt,2,46
Kristen J Radford,2,5
Maria Dolores Ramirez-Gonzalez,2,2
E Ranieri,2,5
Rino Rappuoli,2,22
Alain Ravaud,2,0
Prabir Ray,2,29
Eyal Raz,2,4
Ann M Reed,2,8
Andrew J Rees,2,80
Yves Renaudineau,2,19
Herbert Y Reynolds,2,13
Antoni Ribas,2,16
Malcolm Richardson,2,9
Lorenz Rieger,2,12
Charles R Jr Rinaldo,2,44
D S Ritchie,2,1
Sarah A Robertson,2,62
Ellen A Robey,2,65
Paul A Roche,2,30
Franz Rodel,2,30
Bart O Roep,2,5
Helene F Rosenberg,2,16
M Rosenzwajg,2,8
Paul A Rota,2,41
G Rowden,2,23
S L Rowland-Jones,2,22
Beatriz Ruibal-Ares,2,6
Philippe Saas,2,2
Michael S Sabel,2,36
Ugur Sahin,2,30
J Saloga,2,9
Russell D Salter,2,13
Matyas Sandor,2,10
Frances Santiago-Schwarz,2,5
Priyanka Sathe,2,11
Noriyuki Sato,2,29
Catherine Sautes-Fridman,2,46
Huub F J Savelkoul,2,25
J Sayag,2,2
Gabriella Scarlatti,2,8
M Schaefer,2,24
Knut Schakel,2,8
Howard I Scher,2,13
Virgil E J Schijns,2,16
Volker Schirrmacher,2,5
C E Schrader,2,4
Joachim L Schultze,2,38
Phillip Scott,2,17
Jochen Seissler,2,0
Satoru Senju,2,0
Arlene H Sharpe,2,148
Gene M Shearer,2,88
Zhi-Yong Sheng,2,2
Guixiu Shi,2,3
Yasushi Shiratori,2,1
Haval Shirwan,2,5
Yehuda Shoenfeld,2,63
Antonio Sica,2,299
Leonard H Sigal,2,2
L J Simar,2,0
John Sinclair,2,78
Simona Sivori,2,22
Anna Smed-Sorensen,2,11
Phillip D Smith,2,37
Clifford M Snapper,2,16
P Soler,2,0
Saburo Sone,2,7
Vassili Soumelis,2,25
Anne I Sperling,2,5
J Sprent,2,17
T E Starzl,2,39
Joan Stein-Streilein,2,21
J L Stephan,2,2
Heribert Stoiber,2,18
Willem Stoorvogel,2,26
Walter J Storkus,2,7
J W Streilein,2,22
Jessica Strid,2,22
Erik S G Stroes,2,12
Marion Subklewe,2,2
Frank Tacke,2,158
Hidehito Takahashi,2,0
Kazuaki Tanabe,2,31
Ryuichi Tanaka,2,9
Christian Taube,2,4
J Taylor-Papadimitriou,2,3
Thomas F Tedder,2,24
Jurjen Tel,2,22
Yen-Tung A Teng,2,36
M B M Teunissen,2,30
J Thivolet,2,3
E Thorsby,2,22
Martin Thurnher,2,2
R E Tigelaar,2,7
John M Timmerman,2,39
Roland Tisch,2,41
B A Tjoa,2,4
G B Toews,2,1
Felix N Toka,2,6
Y Tokura,2,2
Andre-Bernard Tonnel,2,16
Louis Toujas,2,4
Alain Trautmann,2,4
S Tura,2,5
Thomas Tuting,2,3
Rajeev K Tyagi,2,17
Hideki Ueno,2,37
Evelyn Ullrich,2,25
Jukka Vakkila,2,0
I Valyi-Nagy,2,3
Ilse Van Brussel,2,10
Jo Van Damme,2,134
Maries van den Broek,2,11
Sylvia van Drunen Littel-van den Hurk,2,7
C M van Drunen,2,15
Stefaan W Van Gool,2,2
S Vandenabeele,2,10
K Y Vermaelen,2,9
William Vermi,2,2
Marjan A Versnel,2,11
Joanne L Viney,2,22
Marina Viora,2,10
Christophe von Garnier,2,14
Philipp von Landenberg,2,15
S Vuckovic,2,4
Bao-Xi Wang,2,15
Wei Wei,2,5
Drew Weissman,2,78
Thomas Werfel,2,31
Iwona Wertel,2,6
Theresia M Westers,2,2
Christopher J Wheeler,2,3
Monique A M Willart,2,41
S Brian Wilson,2,6
Kamila Wojas,2,0
Kerstin Wolk,2,11
Judith A Woodfolk,2,3
Gregory M Woods,2,4
Tim Worbs,2,54
T-C Wu,2,23
B G Xiao,2,8
Jianping Xie,2,4
Z Xing,2,11
Hongmei Xu,2,9
Yuekang Xu,2,10
Mitsunori Yamakawa,2,19
Hidehiro Yamane,2,97
Sayuri Yamazaki,2,102
Jonathan W Yewdell,2,70
Qing Yi,2,10
Teizo Yoshimura,2,28
Rose Zamoyska,2,9
Kurt S Zanker,2,13
Yifan Zhan,2,26
Wuding Zhou,2,26
Steven F Ziegler,2,131
Rolf M Zinkernagel,2,45
 -,1,0
Bert A 't Hart,1,9
J-P Abastado,1,0
A K Abbas,1,0
Ossama Abbas,1,1
Gerald F Abbott,1,13
Aly Abdel-Mageed,1,1
Khawaja Abdul Mujeeb,1,0
Yasuhiro Abe,1,0
Daniel Abramowicz,1,7
Hans Acha-Orbea,1,5
Abhinav P Acharya,1,6
Oreste Acuto,1,0
Laura Adalid-Peralta,1,3
Jurgen Adamkiewicz,1,8
William C Adams,1,8
Jill Adamski,1,0
Becky Adkins,1,263
J L Aerts,1,2
Amir Afrogheh,1,2
William Agace,1,19
Bharat B Aggarwal,1,80
Patrizia Agostinis,1,92
Alok Agrawal,1,9
Diana Aguilar,1,16
Laura K Aguilar,1,7
Golo Ahlenstiel,1,4
Pedram Ahmadpoor,1,0
Byeong-Cheol Ahn,1,1
Joseph S Ainscough,1,4
L Airas,1,6
Nadia Barbosa Aires,1,3
Sk Md Fazle Akbar,1,1
Hisashi Akiyama,1,6
O Aktas,1,2
Mauro Alaibac,1,1
Rafeul Alam,1,1
Pedro Alarcon,1,0
Cristina Albanesi,1,9
Salvatore Albani,1,1
Carol Albright,1,1
Martha A Alexander-Miller,1,8
Doru T Alexandrescu,1,21
V Alexeev,1,2
H Algul,1,19
Omar A Ali,1,4
Julio Aliberti,1,1
Simone Alidori,1,5
S H Aljabre,1,1
Pedro Aljama,1,3
Robert P Allaker,1,7
G V Alm,1,68
Fahad N Almajhdi,1,3
M M Aloysius,1,0
B Alsbjorn,1,2
Mohammed Alsharifi,1,23
Ralf Altmeyer,1,13
Cristiam M Alvarez,1,0
L A Alves,1,3
Robert J Amato,1,1
Zahra Amirghofran,1,0
Ido Amit,1,5
M Ammar,1,0
Bruna Amorin,1,7
Neil M Ampel,1,12
S Anan,1,0
Niroshana Anandasabapathy,1,1
Claudio Anasetti,1,6
P Andersen,1,0
Amy E Anderson,1,15
Graham Anderson,1,25
John Anderson,1,3
Karen S Anderson,1,9
Kenneth C Anderson,1,13
Stephen M Anderton,1,9
F Andrade,1,13
Luis Eduardo Coelho Andrade,1,3
J A Andriko,1,21
June Ann D'Angelo,1,7
Aftab A Ansari,1,28
J C Ansel,1,6
A S Antal,1,1
Jean-Claude Antoine,1,16
Antony N Antoniou,1,3
Paul Andrew Antony,1,43
S Appel,1,15
N S Araujo,1,9
P Arenberger,1,0
Ramon Arens,1,0
F Arenzana-Seisdedos,1,3
P Arese,1,20
Maurizio Arico,1,8
Koji Arihiro,1,6
K Ariizumi,1,1
Bernd Arnold,1,4
Sunil K Arora,1,2
C Arpin,1,68
Mario Arpinati,1,16
Claudio Arra,1,4
Violeta Arsenescu,1,17
Katerina Artavanis-Tsakonas,1,11
J Simon C Arthur,1,5
Atsushi Aruga,1,0
Hitoshi Asakura,1,3
Alexzander Asea,1,6
Ali A Ashkar,1,8
Dalia S Ashour,1,5
Hossam M Ashour,1,18
Carine Asselin-Paturel,1,66
Jan Astermark,1,0
Maria Atta,1,2
M Aubier,1,1
Pierre Aucouturier,1,0
Francoise Audibert,1,11
S J Aujla,1,60
L Aurelian,1,0
Michel Aurrand-Lions,1,103
Ingo B Autenrieth,1,19
Stella E Autenrieth,1,5
Tony Avril,1,9
Atif B Awad,1,3
Amit Awasthi,1,34
Shanjana Awasthi,1,3
Jose M Azevedo-Pereira,1,2
E Azizi,1,0
E Azoulay,1,15
Hiroaki Azukizawa,1,13
M Azuma,1,5
A Azzi,1,6
J Baar,1,3
Tomohisa Baba,1,13
Zohreh Babaloo,1,9
Gayane Badalian-Very,1,13
Andrea Baetz,1,39
Sami L Bahna,1,2
Xue-Fan Bai,1,0
M Bailey,1,4
Ashwin Balagopal,1,2
Konstantin E Balashov,1,6
Cosima T Baldari,1,55
Irina Baldueva,1,2
W M 3rd Baldwin,1,22
Carmela Rita Balistreri,1,13
Zuhair K Ballas,1,10
Nicholas Bandarenko,1,0
Ruma Banerjee,1,25
Musheng Bao,1,23
Daniel L Barber,1,1
Jose Alexandre M Barbuto,1,6
Winfried Barchet,1,50
Carlos Barcia,1,0
A Neil Barclay,1,57
Lucia P Barker,1,2
Edward M Jr Barksdale,1,3
Peter J Barnes,1,45
C D Baroni,1,0
Gianfranco Baronzio,1,11
Franck J Barrat,1,59
W Barrett,1,10
P Bartak,1,0
Heidi Barth,1,19
Amelia Bartholomew,1,9
Beverly E Barton,1,8
Claire R Barton,1,0
Gregory M Barton,1,14
J Bartunkova,1,0
Christelle Basset,1,13
C W Bassim,1,9
Karina R B Bastos,1,18
Joyoti Basu,1,9
Manuela Battaglia,1,21
Angela Battistini,1,22
R Bauer,1,3
Stefan Bauer,1,8
B Baumann,1,14
Martin Baumgartner,1,4
Andreas J Baumler,1,13
Thomas Baumruker,1,13
Alan G Baxter,1,5
Lisa Beck,1,4
Lisa A Beck,1,42
Philipp Beckhove,1,16
Sammy Bedoui,1,12
Judith Behnsen,1,28
A Beineke,1,1
A S Belldegrun,1,1
M Bellocci,1,0
Teresa Bellon,1,1
Stefania Bellone,1,6
Gabrielle Belz,1,7
G P Bembridge,1,0
Philippe Benaroch,1,38
Albert Bendelac,1,663
Niels Bendsoe,1,0
Fabian Benencia,1,10
Gilles Benichou,1,14
Daniel Benitez-Ribas,1,3
Karim Bennaceur,1,7
Clare L Bennett,1,55
John M Bennett,1,8
Jack R Bennink,1,25
Soumaya Bennouna,1,25
Armand Bensussan,1,0
Gail Bentley,1,0
Jo H M Berden,1,17
J R Berenson,1,0
Laura Beretta,1,9
N M Bereznaya,1,4
C Berkowitz,1,0
J Bernard,1,0
David Bernardo,1,3
R Berthier,1,0
Patrick Bertolino,1,33
Jay A Berzofsky,1,85
Bruce Beutler,1,6
Peter C L Beverley,1,7
Atul K Bhan,1,21
Mickie Bhatia,1,14
Marco E Bianchi,1,151
Marta Biedzka-Sarek,1,1
Erik A L Biessen,1,2
Iris Bigalke,1,3
Darell D Bigner,1,6
Arya Biragyn,1,7
C A Biron,1,160
Felix Bischof,1,8
Gail A Bishop,1,6
Roberto J Bitton,1,2
Jens Roar Bjerke,1,0
Zofia Blach-Olszewska,1,6
Keith L Black,1,18
Michael R Blackburn,1,43
Barbara A Blacklaws,1,18
G E Blair,1,15
M A Blajchman,1,11
M Blanca,1,0
Thomas G Blanchard,1,7
Francisco Blanco-Favela,1,13
Patrick Blanco,1,80
C Blank,1,3
Fabian Blank,1,1
Orin Bloch,1,3
Jeffrey A Bluestone,1,117
Adriano Boasso,1,76
V Boccaletti,1,0
Bruce S Bochner,1,1
Lakshmi Narendra Bodduluru,1,3
Ulrike Bode,1,12
B Bodey,1,15
Bernhard O Boehm,1,2
Anita Boelen,1,0
Bjarne Bogen,1,2
Shahe Boghossian,1,3
Barna Bogner,1,0
Armelle Bohineust,1,18
Marie-Christophe Boissier,1,11
Azam Bolhassani,1,30
Warren K Bolton,1,1
Morgane Bomsel,1,21
Aude Bonehill,1,39
Jean-Yves Bonnefoy,1,0
Marc Bonneville,1,1
Maria Rosa Bono,1,6
Joseph V Bonventre,1,37
Thierry Boon,1,74
Juliano Bordignon,1,5
Hossein Borghaei,1,12
Larry Borish,1,18
J C Borleffs,1,0
Willi K Born,1,41
Clemens Bos,1,0
Silvia B Boscardin,1,1
Maria Carla Bosco,1,34
S K Bose,1,9
Gerry R Boss,1,13
Kim Bottomly,1,20
P Bouchard,1,0
Sarah Boudaly,1,5
A Bouloumie,1,19
Gerben Bouma,1,18
P Boura,1,0
Vassiliki A Boussiotis,1,6
F Bouzahzah,1,7
David G Bowen,1,4
Ashleigh S Boyd,1,8
Barry Matthew Bradford,1,2
J A Bradley,1,5
Hugh J M Brady,1,27
Olga Brandonisio,1,18
Petter Brandtzaeg,1,2
Marlene Bras,1,6
Lawrence F Brass,1,4
Armin Braun,1,8
R Bravo,1,3
Jay H Bream,1,34
A S Breathnach,1,4
Frank R Brennan,1,19
Erwin Daniel Brenndorfer,1,5
Tom J Brett,1,14
J Breve,1,4
Robert N Brey,1,33
Susanna Brighenti,1,3
Elizabeth Brint,1,1
Margo A Brinton,1,1
G Brittinger,1,2
W J Britton,1,16
E B Brocker,1,0
Dirk G Brockstedt,1,16
Anna Broder,1,5
Marike L D Broekman,1,0
Kim A Brogden,1,3
Achille Broggi,1,4
Carl-Henrik Brogren,1,1
David H Broide,1,6
Vincenzo Bronte,1,16
David G Brooks,1,6
Laurent Brossay,1,0
N Brousse,1,0
Noah Brown,1,4
Tim H Brummendorf,1,0
A Brun,1,0
Ludovica Bruno,1,1
Oystein Bruserud,1,7
P L Bruynzeel,1,0
Hong Bu,1,0
Milan Buc,1,10
P Bucci,1,0
Matthew Buckland,1,8
Christopher D Buckley,1,55
Jane H Buckner,1,7
P Bucsky,1,2
E Budtz-Jorgensen,1,18
Jan Buer,1,13
D Buffa,1,1
A V Buianova,1,0
Silvia Bulfone-Paus,1,12
Dominique M A Bullens,1,3
Karen Bulloch,1,21
G R Bullock,1,0
Hannes E Bulow,1,14
Hidde Bult,1,13
Jeff W M Bulte,1,111
Steven Burakoff,1,2
Joy M Burchell,1,37
Andre G Buret,1,12
G Burg,1,4
Linda C Burkly,1,59
A W Burks,1,1
P Burney,1,4
G F Burton,1,18
Dirk H Busch,1,16
Rita Businaro,1,1
William W Busse,1,91
Nathalie Busso,1,1
Brigitta Buttari,1,5
Dominique Buzoni-Gatel,1,15
N A Cacalano,1,19
J F Cailhier,1,1
M Cakala,1,0
Stuart K Calderwood,1,4
D Callanan,1,2
J G Camarasa,1,0
Shannon M Campbell,1,0
Gabriele Campi,1,32
Elias Campo,1,0
Michael Campoli,1,1
Fabio Candotti,1,3
A Cantani,1,0
Francesco Paolo Cantatore,1,11
Harvey Cantor,1,34
Jian-ping Cao,1,0
Jian-Ping Cao,1,0
Q Cao,1,6
Melania Capasso,1,2
E Carbone,1,2
S L Cardell,1,17
Simon R Carding,1,4
Michael A Carducci,1,0
Berit Carow,1,7
Antoine F Carpentier,1,10
I Carr,1,0
E Carrasco-Marin,1,2
William E 3rd Carson,1,23
Carol A Carter,1,55
Sian P Cartland,1,2
John A Carucci,1,6
Lucas Carvalho,1,32
Thomas B Casale,1,19
Marilia Cascalho,1,0
Stefano Cascinu,1,10
Lydie Cassard,1,1
David S Cassarino,1,0
Marco A Cassatella,1,1
Bernardo Castellano,1,26
Giuseppe Castellano,1,0
G Cathelineau,1,0
Duccio Cavalieri,1,3
Lois L Cavanagh,1,31
William A Cavanagh,1,2
Marina Cavazzana-Calvo,1,1
J P Cazenave,1,1
Leticia Cedillo-Barron,1,29
H Cejas,1,0
E Celis,1,9
R Cerio,1,3
Sunil Chada,1,1
I N Chainikova,1,0
Rana Chakraborty,1,8
Ronjon Chakraverty,1,0
S J Challacombe,1,13
Mathias Chamaillard,1,3
A C Chan,1,20
C W Chan,1,15
Christopher J Chang,1,93
Hsin-Hou Chang,1,5
Jian Chang,1,1
L Chaperot,1,4
David D Chaplin,1,3
Nicolas Charles,1,1
Bryan Charleston,1,3
Mitali Chatterjee,1,6
Umeshc Chaturvedi,1,24
P Chaux,1,1
Triantafyllos Chavakis,1,17
Anna Chelmonska-Soyta,1,0
B K Chen,1,0
B P Chen,1,1
Bao-An Chen,1,0
Dexiang Chen,1,6
Lieping Chen,1,0
Nan Chen,1,1
S-L Chen,1,3
Si-Yi Chen,1,5
Sugong Chen,1,7
T C Chen,1,11
Wei Chen,1,5
Wei R Chen,1,1
Xiaoyuan Chen,1,26
Xinjian Chen,1,10
Zhi Chen,1,2
Fang Cheng,1,0
Hyeonjoo Cheon,1,20
Cheolho Cheong,1,5
S K Cheong,1,3
Y Chernajovsky,1,17
Hilde Cheroutre,1,2
Karen Cherubini,1,2
Joseph H Chewning,1,6
C-P Chiang,1,4
Cheryl Lai-Lai Chiang,1,4
Alberto A Chiappori,1,24
Shigeru Chiba,1,1
Marcello Chieppa,1,28
Junichi Chihara,1,1
Obinna Chijioke,1,8
Gilles Chiocchia,1,10
F Chiodi,1,0
Fernando Chirdo,1,7
Yvonne E Chiu,1,5
Jeong Hee Cho-Vega,1,1
Hearn Jay Cho,1,0
Mark M W Chong,1,4
Laurent Chorro,1,17
M A Choti,1,1
Claire A Chougnet,1,40
Anne Deen Christensen,1,24
Jeanette Erbo Christensen,1,6
A C Chu,1,3
Kaw Yan Chua,1,5
L W Chung,1,3
Joanna Cichy,1,0
Luka Cicin-Sain,1,2
Cemal Cingi,1,0
G Ciprandi,1,2
Mara Cirone,1,1
Curt I Civin,1,4
E Claassen,1,11
Michael J Clare-Salzler,1,18
David A Clark,1,2
Marcus R Clark,1,17
Rachael Clark,1,20
Richard E Clark,1,1
Benjamin D Clarkson,1,5
Menna R Clatworthy,1,4
A Claudy,1,0
Bjorn E Clausen,1,17
David Claxton,1,0
Asiedu Clement,1,2
W E Clendenning,1,0
M J Cline,1,13
Raphael Clynes,1,20
Patrick T H Coates,1,9
Alistair J Cochran,1,43
Ian A Cockburn,1,6
Susana Coimbra,1,18
Mayte Coiras,1,100
Christopher M Coleman,1,90
Miodrag Colic,1,9
Miodrag J Colic,1,0
J E Coligan,1,0
Joel H Collier,1,9
M P Collin,1,4
R A Collins,1,8
M P Colombo,1,8
Carol A Colton,1,12
Behazine Combadiere,1,26
Iain Comerford,1,25
Robert E Cone,1,22
Nancy C Connolly,1,5
Joan M Cook-Mills,1,3
Donald N Cook,1,13
G Cook,1,8
Matthew C Cook,1,1
Faye A H Cooles,1,10
Laura Cooling,1,1
B K Coombes,1,4
Andrea M Cooper,1,97
Paul R Cooper,1,2
F Coraggio,1,0
L Corbeel,1,0
Carlos E P Corbett,1,0
Robin Cornelissen,1,1
M E Cornford,1,0
Ricardo S Corral,1,2
S G Correa,1,0
Jorge Correale,1,3
Alexandre Corthay,1,9
Manuel G Cosio,1,2
Antonio Costanzo,1,4
N Costedoat-Chalumeau,1,3
D J Coster,1,0
Cecilia T Costiniuk,1,6
Alison Anne Cotterell,1,0
M Cottler-Fox,1,4
Laure Coulombel,1,1
Barbara S Coulson,1,6
Lisa M Coussens,1,5
Vito Covelli,1,18
B J Coventry,1,4
Brendon Coventry,1,9
Eric Cox,1,1
Timothy M Cox,1,12
Alister G Craig,1,4
Tiziana Crepaldi,1,4
Mariano Sanchez Crespo,1,8
Peter Cresswell,1,1
Remi J Creusot,1,0
B Cribier,1,0
Ian Nicholas Crispe,1,39
V Cristea,1,9
Enrico Crivellato,1,10
Danielle M P Cronin,1,50
T G Cropley,1,1
Sergio Crovella,1,0
M K Crow,1,2
William Cruikshank,1,17
Luis J Cruz,1,2
Maria Teresa Cruz,1,0
Ronald G Crystal,1,7
Math P Cuajungco,1,3
Heng Cui,1,0
Zhengrong Cui,1,2
Charlotte Cunningham-Rundles,1,33
Giuseppe Curigliano,1,3
Jennifer Curnow,1,0
Jeffrey L Curtis,1,13
Christopher W Cutler,1,1
M Cutolo,1,26
Albert J Czaja,1,4
Stefania D'Atri,1,2
M D'Incan,1,0
Alberto Jose da Silva Duarte,1,1
Neusa Pereira da Silva,1,0
E Dabelsteen,1,0
Toos Daemen,1,7
Marc Daeron,1,2
X Dai,1,5
Marinos C Dalakas,1,0
Samir Dalia,1,5
R M Dallal,1,2
Marc Dalod,1,59
M Reza Dana,1,61
Adrian Daneri-Navarro,1,3
Silvio Danese,1,8
Jacques Dantal,1,4
Sandip K Datta,1,7
Syamal K Datta,1,7
C C Davey,1,0
G M Davey,1,21
Anne Davidson,1,0
J S Davies,1,0
Timothy J Davies,1,1
Glenda Mary Davison,1,0
A Dawidowicz,1,0
Piergiuseppe De Berardinis,1,9
Eveline D de Geus,1,2
Ennio De Gregorio,1,27
C de Groot,1,6
S C A de Jager,1,7
Esther C de Jong,1,66
Wouter J de Jonge,1,6
Sandra De Keijzer,1,11
Dominique de Kleijn,1,23
Luis de la Cruz-Merino,1,4
H de la Salle,1,0
Lucimara G de la Torre,1,0
M Teresa De Magistris,1,6
Ramon Andrade de Mello,1,8
G De Panfilis,1,0
Nicole Kerlero de Rosbo,1,11
Maria de Sousa,1,2
Barbara Fazekas de St Groth,1,5
Rik L de Swart,1,25
Steven de Vleeschouwer,1,14
R J Dearman,1,2
D Decaudin,1,23
Patrice Decker,1,0
A Deisseroth,1,2
Christian Dejaco,1,3
Giuseppe Del Giudice,1,5
Margarita Del Val,1,2
Lelia Delamarre,1,23
Alain Delcayre,1,8
F Deleixhe-Mauhin,1,1
Jean-Sebastien Delisle,1,1
Anne Dell,1,13
Silvia Della Bella,1,0
Yves Delneste,1,25
Terry L Delovitch,1,59
Christine Delprat,1,1
P DeMatos,1,10
Elaine S DeMeyer,1,0
Stephanie Demoulin,1,13
Martijn H M G M den Brok,1,14
Joke M M den Haan,1,3
Xin Deng,1,5
David T Denhardt,1,143
Sujal R Desai,1,2
V J Desmet,1,0
Ludovic Desvignes,1,9
Eric Deutsch,1,8
C Dezutter-Dambuant,1,0
F Di Bari,1,0
W Di Girolamo,1,1
Francesco Di Raimondo,1,14
Antonio Di Sabatino,1,70
F Di Virgilio,1,171
J Diamond,1,0
Michael S Diamond,1,71
Hong-Yan Diao,1,7
Bonny L Dickinson,1,1
A B Dietz,1,1
C D Dijkstra,1,5
T P Dilorenzo,1,7
S V Dima,1,2
W Ding,1,2
Quoc Thai Dinh,1,2
Luciana Dini,1,9
Maziar Divangahi,1,14
Senad Divanovic,1,3
Samsuridjal Djauzi,1,0
Joel Fleury Djoba Siawaya,1,17
Henryka Dlugonska,1,0
A Dobrescu,1,0
Derek G Doherty,1,9
D Dokic,1,16
M S Dolgikh,1,0
Harry Dolstra,1,9
Heather Donaghy,1,11
Gustavo F Doncel,1,20
Maria Luisa Dongarra,1,12
Ryan F Donnelly,1,11
Tanya B Dorff,1,1
R F Dorfman,1,5
Andrea Doria,1,2
Lucy Dorrell,1,5
A L A Dos-Santos,1,0
Daniel C Douek,1,47
Trevor Douglas,1,3
Gregory P Downey,1,25
Maureen L Drakes,1,0
H Drakesmith,1,15
Keith Dredge,1,1
Marlene Dreux,1,2
R Drut,1,0
Jiajun Du,1,0
T W Jr Dubensky,1,16
L Dubertret,1,0
B Dubois,1,7
George R Dubyak,1,40
Dan G Duda,1,3
Jeremy S Duffield,1,20
Ingrid E Dumitriu,1,83
Aaron S Dumont,1,4
Caroline Duncan,1,3
Christopher J A Duncan,1,23
Deborah Dunn-Walters,1,5
Sergiusz Durowicz,1,0
Michael L Dustin,1,18
Jan P Dutz,1,5
Gerard Eberl,1,27
Matthias Eberl,1,6
Takashi Ebihara,1,0
Susanne Ebner,1,10
Reinhold Eckstein,1,7
Brian T Edelson,1,5
Claudia Eder,1,62
Matthew J Edwards,1,5
Kohji Egawa,1,1
R Maarten Egeler,1,15
Alexander M M Eggermont,1,9
S B Eichmuller,1,2
A Eigler,1,5
Stephanie C Eisenbarth,1,13
Klaus Eisendle,1,1
Sanaa El Marsafy,1,4
M el-Mofty,1,3
Karen L Elkins,1,83
Keith B Elkon,1,17
Eva Ellebaek,1,4
Tim Elliott,1,7
Sherine F Elsawa,1,6
B F Elswood,1,1
Bennett D Elzey,1,10
G Emanuelli,1,1
Stefan Endres,1,3
D Engeler,1,0
A Engeset,1,9
Karen English,1,14
Anna Erdei,1,19
Urs Eriksson,1,4
Joel D Ernst,1,23
Marc S Ernstoff,1,9
Hildegund C J Ertl,1,2
L-P Erwig,1,106
C Esche,1,4
Alan Escher,1,3
Cristina Escribano-Diaz,1,0
B Escudier,1,20
Fernando Esquivel-Guadarrama,1,6
Richard Essner,1,2
D Mark Estes,1,0
Z Estrov,1,4
N Etchart,1,7
Masao Eura,1,0
C H Evans,1,0
Richard G Everson,1,1
Vincent Everts,1,2
K Eyerich,1,27
Jean-Christophe Eymard,1,0
T Ezaki,1,10
Janine Ezendam,1,0
Ivo Fabrik,1,1
Zsuzsa Fabry,1,18
Zsuzsanna Fabry,1,9
Fabio Facchetti,1,20
Robin Fahraeus,1,0
Leonardo Fainboim,1,10
E B Faizuloev,1,0
J H Frederik Falkenburg,1,0
Jonathan A Fallowfield,1,106
Louis D Jr Falo,1,27
Joachim Fandrey,1,3
Fred Fandrich,1,1
Xiang-Ming Fang,1,1
N A Fanger,1,3
J M Farber,1,2
A Farkas,1,2
Ammad Ahmad Farooqi,1,1
J David Farrar,1,54
M Fassnacht,1,2
William A Jr Faubion,1,4
Norsyahida Mohd Fauzi,1,2
Herman W Favoreel,1,3
Joseph W Fay,1,1
Barbara Fazekas De St Groth,1,2
D T Fearon,1,6
Kai Feng,1,0
X W Feng,1,0
N A Fenske,1,1
Robert A Fenstermaker,1,11
Matthew J Fenton,1,25
Thomas A Ferguson,1,9
Eduarda Fernandes,1,1
Ana Fernandez-Sesma,1,41
V J Ferrans,1,0
Maria Ferrantini,1,17
James L M Ferrara,1,3
Davide Ferrari,1,12
Gabriela Bomfim Ferreira,1,2
R L Ferrero,1,27
D A Ferrick,1,0
Judith A Ferry,1,0
Luc Fetler,1,11
Edda Fiebiger,1,5
Katja Fiedler,1,0
Alberto Fierro,1,3
Carl Figdor,1,10
Robert A Figlin,1,1
James E Fildes,1,15
M Fimiani,1,2
Karin Fink,1,13
Jim Finke,1,10
Steven Eric Finkelstein,1,6
A F Finzi,1,0
G S Firestein,1,7
P Fisch,1,0
David E Fisher,1,32
Mayer Fishman,1,13
Vincent Flacher,1,30
Nicolas Flamand,1,10
Veronique Flamand,1,5
Bernhard Fleischer,1,17
Ana Flisser,1,3
Jurgen Floege,1,19
S Flohe,1,2
L Flores-Romo,1,15
T J Flotte,1,25
Daniele Focosi,1,11
Klara Eszter Fodor,1,0
Camilla Foged,1,11
W J Fokkens,1,2
Ronan Foley,1,1
L Fong,1,69
John V Forrester,1,31
C Fortis,1,2
Francine Foss,1,0
H D Foss,1,1
N Foster,1,11
Paul S Foster,1,14
Paula J Foster,1,9
Anne Fouque-Aubert,1,7
Anne M Fourie,1,8
Georgia Fousteri,1,10
David A Fox,1,12
Philippe Frachet,1,8
Cornel Fraefel,1,0
Alessandra Franco,1,6
Rafael Franco,1,6
I Frank,1,11
Bernhard Frankenberger,1,5
Marcella Franquesa,1,7
Loredana Frasca,1,4
Cara K Fraser,1,16
Gordon J Freeman,1,100
Tom C Freeman,1,10
Giulia Freer,1,8
Julia-Stefanie Frick,1,3
Eva-Maria Frickel,1,2
Zvi G Fridlender,1,8
S Friedman,1,1
Matthew Frieman,1,42
Marianne Frieri,1,4
Pamela A Frischmeyer-Guerrerio,1,0
P Fritsch,1,0
Phillip D Fromm,1,1
Matthias Frosch,1,6
S Frydas,1,3
Xin Yuan Fu,1,18
Dietmar Fuchs,1,4
Dietmer Fuchs,1,7
Robert C Fuhlbrigge,1,0
Kohtaro Fujihashi,1,6
Nobuhiro Fujii,1,0
Yoshitaka Fujii,1,8
Manabu Fujimoto,1,1
S Fujita,1,1
Takayuki Fujita,1,4
Hiroshi Fujiwara,1,0
Taro Fukao,1,26
T Fukuda,1,0
S Fukuhara,1,0
Amanda K Fulmer,1,18
Tamas Fulop,1,67
J J Fung,1,0
Kazuyuki Furuta,1,0
Martin Fussenegger,1,4
Lucia Gabriele,1,27
Susanne Gabrielsson,1,9
Christian Gachet,1,20
Sumanlatha Gaddam,1,2
Orsolya Galamb,1,0
Domenico Galati,1,0
Stefan Galbavy,1,0
Elena V Galkina,1,2
Hanna Galkowska,1,1
Teresa Gallart,1,13
R L Gallo,1,8
Doina Ganea,1,14
Hai-qing Gao,1,0
Zhi-liang Gao,1,2
Ricardo P Garay,1,27
Francisco Garcia-del Portillo,1,22
Adolfo Garcia-Sastre,1,27
Clair M Gardiner,1,22
Francine Garnache-Ottou,1,10
Helene Garnier-Lengline,1,4
Wendy S Garrett,1,5
Joan Manel Gasent Blesa,1,3
Chiara Gasparini,1,30
Dennis Gastineau,1,0
Jack Gauldie,1,2
R E Gay,1,6
Umut Gazi,1,61
Vincent Geenen,1,0
Jorge Raul Geffner,1,2
S V Gein,1,0
F Gejyo,1,0
Kyra A Gelderman,1,8
L Gemmell-Hori,1,2
E Gemmell,1,36
A J T George,1,3
James F George,1,15
Philippe Georgel,1,0
Janos Gergely,1,0
Mara Gerloni,1,8
Wilfred T V Germeraad,1,0
James E Gern,1,14
Franca Gerosa,1,50
Rudolf Geyer,1,4
R Ghadially,1,3
Soudeh Ghafouri-Fard,1,6
Aziz Ghahary,1,5
Mostafa Ghanei,1,1
Berhane Ghebrehiwet,1,12
Kamran Ghoreschi,1,2
S Ghosh,1,7
B Giannotti,1,0
S Gibbs,1,5
I Gigli,1,3
Gary Gilkeson,1,42
J N Gilliam,1,0
Adrian Gillissen,1,0
H J Girschick,1,10
Christopher K Glass,1,141
Paul A Gleeson,1,94
Laurie H Glimcher,1,63
S Gluck,1,3
Jean-Claude Gluckman,1,1
Gh Gluhovschi,1,0
F-D Goebel,1,2
S Goerdt,1,1
C L Goh,1,0
Nahide Gokcora,1,5
William T Golde,1,7
H Gollnick,1,0
Lorena Gomez-Garcia,1,13
O F Gompertz,1,3
Michael F Good,1,11
E M Goodell,1,0
Helen S Goodridge,1,4
Claire L Gorman,1,19
Shelley Gorman,1,6
Patricia Gorocica,1,1
Paul R Gorry,1,54
Maya Gottfried,1,4
David Gottlieb,1,0
J Goudsmit,1,0
Michael J Gough,1,13
Eric J Gowans,1,11
Gregory A Grabowski,1,3
Luis Graca,1,2
Thomas Graf,1,69
B S Graham,1,5
Bruno Gran,1,7
J M Grange,1,3
Steve W Granger,1,23
J M Grant-Kels,1,12
Claudia Gravekamp,1,3
D Gray,1,12
Maria Grazia Roncarolo,1,55
Urs F Greber,1,24
Sara Gredmark-Russ,1,7
Julia M Green-Johnson,1,2
I Green,1,13
Warner C Greene,1,32
Alexandra M Greer,1,4
Ronald E Gress,1,21
G Grevers,1,0
M Grewe,1,10
Elizabeth V L Grgacic,1,87
John G Gribben,1,8
Philip J Griebel,1,7
Diane E Griffin,1,28
Matthew D Griffin,1,18
Thomas A Griffin,1,2
Thomas S Griffith,1,32
S Griffiths,1,5
Jan Grimm,1,79
Joanna R Groom,1,0
Zvi Grossman,1,6
Hans E Grossniklaus,1,6
C Gruber,1,0
E Grundmann,1,0
Michael J Grusby,1,37
Marcin Grzybowski,1,4
J E Gschwend,1,0
John Guatelli,1,42
Lorraine J Gudas,1,39
S Guerder,1,0
Antonieta Guerrero-Plata,1,1
L G Guidotti,1,225
C Guiducci,1,21
L Guillevin,1,0
M Guilliams,1,35
Xavier Guillot,1,64
James L Gulley,1,2
Suryaram Gummuluru,1,8
Michael Dee Gunn,1,19
Pawan Gupta,1,1
E I Gusev,1,0
Fredy R S Gutierrez,1,6
Martin E Gutierrez,1,7
Emma Guttman-Yassky,1,46
Bruno Guy,1,10
P M Guyre,1,16
Tomasz J Guzik,1,12
J B A G Haanen,1,5
A T Haase,1,152
Hajo Haase,1,2
Ann M Haberman,1,4
Aida Habtezion,1,6
H Hacker,1,5
Charles J Hackett,1,5
Jamshid Hadjati,1,3
Gregg A Hadley,1,4
Holger A Haenssle,1,0
Paivi Hagg,1,0
R Hajek,1,3
Franck Halary,1,6
Hollie Hale-Donze,1,3
John C Hall,1,3
Gary M Halliday,1,2
Mehdi Hamadani,1,8
D L Hamilos,1,0
S Hammar,1,0
Gianna Elena Hammer,1,27
Bruce Hammerberg,1,0
Pedram Hamrah,1,44
H Hanaoka,1,0
D Hanau,1,2
J M Hanifin,1,1
Brent A Hanks,1,0
Jonathan Paul Hannan,1,1
Philip M Hansbro,1,63
Anja Hansel,1,1
M Hansen,1,7
Ted Hansen,1,19
G K Hansson,1,25
A J Hapel,1,1
H Hara,1,2
K Harada,1,1
Steve Harakeh,1,0
Dror Harats,1,4
Jamie L Harden,1,27
J A Hardin,1,7
Mark A Hardy,1,22
Joshua M Hare,1,8
Kristian M Hargadon,1,0
Alden H Harken,1,1
Gordon D Harkiss,1,5
Andrew N Harman,1,15
Donald A Jr Harn,1,25
J I Harper,1,4
J Harris,1,47
Simon J Harrison,1,6
Ailsa L Hart,1,18
P H Hart,1,4
F C Hartgers,1,60
Susanne Hartmann,1,17
Andrea L Harzstark,1,7
W A Haseltine,1,6
Mitsuru Hashida,1,2
Koji Hashimoto,1,7
Raffit Hassan,1,23
V B Hatcher,1,0
P Hatfield,1,8
C Hauser,1,4
Dieter Haussinger,1,9
V K Havu,1,0
C M Hawrylowicz,1,0
Kristen M Hawthorne,1,4
K Hayashi,1,0
Toshiharu Hayashi,1,6
Adrian Hayday,1,1
Joel R Haynes,1,4
Guanglong He,1,0
J He,1,2
Yukai He,1,4
J T Headington,1,6
Klaus Heeg,1,2
Sylvia Heeneman,1,3
Holger Heine,1,1
E Heinen,1,1
Robert A Heinzen,1,10
A Heiser,1,0
A Heitger,1,11
Ari Helenius,1,0
Giles O Hellawell,1,5
Gerald J D Hengstman,1,0
Sandrine Henri,1,38
P M Henson,1,57
Jean-Philippe Herbeuval,1,0
Ian F Hermans,1,20
Rogelio Hernandez-Pando,1,17
Evan M Hersh,1,22
Laura Hertel,1,3
Angie L Hertz,1,3
Paul J Hertzog,1,15
M C Herzberg,1,4
J Hess,1,8
R Heusschen,1,5
Yoichi Hiaza,1,0
Thomas Hieronymus,1,21
Masaaki Higashihara,1,2
Luuk B Hilbrands,1,18
Herbert Hildebrandt,1,12
Marcelo Hill,1,1
Tetsuo Himi,1,7
O Hino,1,7
Ryosuke Hino,1,13
Yuji Hinoda,1,0
Thomas Hinz,1,0
Makiko Hirai,1,0
Noriyasu Hirasawa,1,0
Mitsuomi Hirashima,1,2
Ken-ichi Hirata,1,0
Ken-Ichi Hirata,1,3
Koichi Hirose,1,0
Barry H Hirst,1,2
Florian Hladik,1,25
Cyrille Hoarau,1,3
Hubertus Hochrein,1,19
S Hoeller,1,6
E Hofer,1,6
Susanne Hofer,1,1
U Hoffmann,1,0
Alison M Hofmann,1,5
Kristin A Hogquist,1,122
M E Hokland,1,0
K A Holbrook,1,0
Z Holikova,1,0
Eda K Holl,1,3
D Holmannova,1,1
W F Holmes,1,0
Christoph Holscher,1,20
Michael J Holtzman,1,12
Paul Holvoet,1,59
T L Holyoake,1,3
Mirja Hommel,1,5
Francoise Homo-Delarche,1,9
Bo-Young Hong,1,0
Xiaonan Hong,1,4
H C Hoogsteden,1,24
J C Hope,1,17
Anthony A Horner,1,10
Philip Hornick,1,3
J C Horvath,1,14
Baidong Hou,1,11
Franck Housseau,1,0
O M Zack Howard,1,9
Om Zack Howard,1,1
Jessica Howell,1,5
G F Hoyne,1,0
Z Hruskova,1,0
Chyi-Song Hsieh,1,10
Hongzhen Hu,1,5
F P Huang,1,5
Fang-Ping Huang,1,7
Leaf Huang,1,6
S Joseph Huang,1,13
Su-Cheng Huang,1,14
Wen-Lin Huang,1,5
Jeffrey A Hubbell,1,59
Pascale Hubert,1,31
Anke Huckriede,1,5
Grant C Hughes,1,21
Stephanie Hugues,1,7
Sek-Wen Hui,1,0
P Humbert,1,0
M Hummel,1,0
Chien Fu Hung,1,5
Chien-Fu Hung,1,7
Thomas Hunig,1,20
D W Hunt,1,12
J S Hunt,1,7
J A Hunter,1,0
Mahmoud R Hussein,1,5
T Hussell,1,5
William Y K Hwang,1,0
Takafumi Ichida,1,8
Joseph U Igietseme,1,11
Botond Z Igyarto,1,17
Hideyuki Ikeda,1,0
Yaron Ilan,1,11
Takashi Imai,1,2
Y Imai,1,1
P Imbach,1,5
Marianne Imhof,1,1
Kevin R Imrie,1,0
A Indar,1,2
Daniel J Indelicato,1,1
Arieh Ingber,1,0
Molly A Ingersoll,1,80
B L Innis,1,34
S Inoges,1,0
Akira Inomata,1,1
Hiromasa Inoue,1,0
Antonis Ioannou,1,20
Minoru Irahara,1,11
Tatsuro Irimura,1,0
M Irshad,1,9
Darrell J Irvine,1,64
Maria G Isaguliants,1,1
Sho Ishikawa,1,2
Elliot Israel,1,5
Kyogo Itoh,1,24
Kazuya Iwabuchi,1,13
Masayuki Iwano,1,0
Shozo Izui,1,19
Jerzy Jablecki,1,4
Jadwiga Jablonska,1,5
Robert Jack,1,5
David C Jackson,1,7
Dc Jackson,1,2
Joshy Jaco,1,0
Marie C Jacob,1,0
S E Jacob,1,0
H Jacobi,1,7
N Jacobs,1,17
Elizabeth M Jaffee,1,31
M J Jager,1,5
Bernd Jahrsdorfer,1,0
Kewal K Jain,1,4
Lajos Jakab,1,1
Thilo Jakob,1,12
Claudia V Jakubzick,1,4
Ahmad Jalili,1,3
Judith A James,1,17
C A Jr Janeway,1,2
G Janossy,1,0
H M Jansen,1,3
H L A Janssen,1,10
Lukasz Japtok,1,1
Luis J Jara,1,3
Sunit P Jariwala,1,7
Freddy Jeanneteau,1,0
Peter K Jeffery,1,20
M Jefford,1,5
L Jenne,1,4
Dooil Jeoung,1,6
Zhansheng Jia,1,8
Aimin Jiang,1,10
Jian-Xin Jiang,1,0
Jiu Jiang,1,11
Shuiping Jiang,1,32
Xiao-Bing Jiang,1,5
Yuan-Ying Jiang,1,2
Hongchuan Jin,1,7
Tao Jin,1,3
Xia Jin,1,5
Hanjoong Jo,1,7
Ludger Johannes,1,10
Cecilia Johansson,1,28
Benjamin F Johnson,1,26
Burles A 3rd Johnson,1,29
P R Johnson,1,6
Theodore S Johnson,1,16
C I Johnstone,1,1
C A Jones,1,68
Dallas C Jones,1,176
Dan Jones,1,13
E L Jones,1,1
Kim S Jones,1,8
Roland Jonsson,1,32
G F Joos,1,1
Trine N Jorgensen,1,13
Johanna A Joyce,1,0
Xiuli Ju,1,2
Corinne Jud,1,7
Susan I V Judge,1,12
B D Jun,1,1
C H June,1,0
T Jung,1,0
Thomas W Jungi,1,58
Jacqueline M Junkins-Hopkins,1,1
J G Jurcic,1,0
Marek Jutel,1,27
Edmund K Waller,1,2
T Kaaman,1,0
Jonathan C Kagan,1,195
Kozo Kaibuchi,1,0
Kevin C Kain,1,28
Pete Kaiser,1,4
Brigitte Kaissling,1,46
Masato Kakeda,1,4
Kazuhiro Kakimi,1,3
Shinichi Kakumu,1,0
Mrinalini Kala,1,16
Tahereh Kalantari,1,14
Joerg C Kalff,1,4
Jorg C Kalff,1,0
R S Kalish,1,5
Gunilla Kallenius,1,1
E R Kaminski,1,0
Ulrike Kammerer,1,7
Nobuo Kanazawa,1,21
Lana E Kandalaft,1,4
Darja Kanduc,1,8
Shuichi Kaneko,1,2
Suk-Jo Kang,1,1
Jean Kanitakis,1,23
Masamoto Kanno,1,0
John Y Kao,1,8
Gilla Kaplan,1,21
M H Kaplan,1,0
Martien Kapsenberg,1,0
Michael Karin,1,33
Nathan Karin,1,1
T Kasajima,1,4
Arthur Kaser,1,48
Dennis L Kasper,1,13
Wolfgang Kastenmuller,1,3
Koko Katagiri,1,18
Mitsuo Katano,1,5
Kazunori Kataoka,1,87
Atsushi Kato,1,15
Norito Katoh,1,10
Andreas D Katsambas,1,4
Stefan H E Kaufmann,1,6
J J Kavanagh,1,0
S-V Kaveri,1,1
Srini Kaveri,1,2
Takafumi Kawanami,1,0
Toshisuke Kawasaki,1,0
P M Kaye,1,14
Paul Kaye,1,17
M D Kazatchkine,1,8
Barbara I Kazmierczak,1,32
Wumesh KC,1,18
John F Jr Keaney,1,4
Barbara L Kee,1,107
John H Kehrl,1,8
T Kekarainen,1,8
R Keller,1,7
Ronald C Kennedy,1,12
Christopher L Kepley,1,4
Nathalie Kerkhoff,1,2
Michael H Kershaw,1,11
Benjamin G Keselowsky,1,13
I I Kessler,1,0
Luc Kestens,1,3
Natkunam Ketheesan,1,18
Svetlana F Khaiboullina,1,6
K P Khanson,1,0
Khashayarsha Khazaie,1,26
Ui-Soon Khoo,1,17
Alok A Khorana,1,7
A A Khristin,1,1
Parris Kidd,1,138
Marie-Paul Kieny,1,8
R Kiessling,1,6
Tetsuro Kikuchi,1,0
Toshiaki Kikuchi,1,3
Kate E Killick,1,15
Chang H Kim,1,13
Han-Soo Kim,1,3
Ho-Youn Kim,1,48
Sun Jung Kim,1,1
Young-Joon Kim,1,5
Young-June Kim,1,10
Peter E Kima,1,2
A B Kimball,1,6
Paul W Kincade,1,18
Vincent Kindler,1,1
C Kinet-Denoel,1,6
Nicholas J C King,1,51
Frank Kirchhoff,1,17
John M Kirkwood,1,70
Joanna R Kirman,1,5
Kyriakos A Kirou,1,19
Denise E Kirschner,1,10
S L Kiselev,1,2
S Kishimoto,1,0
T Kitajima,1,0
Yasuo Kitajima,1,0
D Kiurkchiev,1,1
M Klabusay,1,0
Matthias Klammer,1,0
D Klatzmann,1,0
A Klein-Jan,1,0
Bruce Klein,1,6
Bruce S Klein,1,17
Elisabeth Klein,1,8
L Klein,1,19
Alex Kleinjan,1,0
Alex KleinJan,1,1
Burkhard Kleuser,1,7
A H Klimp,1,47
William B Klimstra,1,43
Marian Klinger,1,0
David J 2nd Klinke,1,1
W E Klinkert,1,2
Peter-Christian Klohn,1,8
Judith Klumperman,1,48
J Knop,1,1
Kenneth S Knox,1,9
Keith L Knutson,1,16
E Kobayashi,1,0
Koju Kobayashi,1,0
Yoshiro Kobayashi,1,29
A E Koch,1,16
Joachim Koch,1,12
Susanne Koch,1,4
S Kochman,1,0
Denise R Kockler,1,27
M Kodama,1,0
U Koehl,1,0
S Kohler,1,4
Kazuhiko Koike,1,0
Kenichi Koike,1,4
Takashi Kojima,1,3
Annette Kolb-Maurer,1,2
Hans-Jochem Kolb,1,2
Ekaterina K Koltsova,1,15
Ricardo J Komotar,1,10
D M Komp,1,2
M Kondo,1,18
S Kondo,1,11
Y Y Kong,1,20
Alfred Konigsrainer,1,8
Dwight H Kono,1,10
K Kono,1,15
Mirjam Kool,1,8
Natasa Kopitar-Jerala,1,28
E O Koppang,1,2
R S Kornbluth,1,8
M Kosco-Vilbois,1,1
Anil Koul,1,80
Susan Kovats,1,24
Dariusz W Kowalczyk,1,1
Y Koyanagi,1,0
Emil Kozarov,1,8
Jean-Pierre Kraehenbuhl,1,5
Stefan Kraft,1,12
K Kragballe,1,2
Christopher M Kramer,1,62
Barbara Krammer,1,35
Sheri M Krams,1,5
S W Krause,1,15
Hans H Kreipe,1,10
E J Kremer,1,10
Laurent Kremer,1,101
A M Krensky,1,21
Karsten Kretschmer,1,2
Martin A Kriegel,1,22
W Kriz,1,23
Mitchell Kronenberg,1,145
G G Krueger,1,0
Wim H J Kruit,1,11
Stephan R Krutzik,1,32
R Krzysiek,1,1
Malgorzata Krzyzowska,1,1
Katharina F Kubatzky,1,1
Karl Kuchler,1,20
Stefanie Kuerten,1,15
Walther C Kuhn,1,0
Johan Kuiper,1,21
Bart Jan Kullberg,1,12
Atsushi Kumanogoh,1,0
Chaitanya Kumar,1,0
Rajiv Kumar,1,14
Rakesh K Kumar,1,8
V Kumar,1,62
T M Kundig,1,0
Sam K P Kung,1,1
Sam Kp Kung,1,3
Hiroki Kuniyasu,1,13
S Kuniyuki,1,0
John S Kuo,1,0
T S Kupper,1,21
Shigeki Kuriyama,1,0
Anna J Kurnatowska,1,0
J T Kurnick,1,10
Masayuki Kurooka,1,0
Oliver Kurzai,1,5
D J Kusner,1,12
Masataka Kuwana,1,19
S N Kuzin,1,0
Larry W Kwak,1,3
Jaap Kwekkeboom,1,6
Katarzyna Kwiatkowska,1,18
Seung-Ki Kwok,1,4
Byungsuk Kwon,1,12
Eugene D Kwon,1,5
Dobroslav Kyurkchiev,1,4
Antonio La Cava,1,17
Andrea la Sala,1,45
S La Vignera,1,12
J P Lacour,1,3
S Lacroix-Desmazes,1,6
Philippe-Henri Lagrange,1,7
Mireille H Lahoud,1,22
R A Lake,1,17
Fadi G Lakkis,1,7
P P Laktionov,1,0
Daniel Lamarre,1,0
Hui Yao Lan,1,43
Jose M Lanao,1,10
Nathaniel R Landau,1,4
Florian Lang,1,10
Thomas J Lang,1,34
H F Langer,1,8
Erik Langhoff,1,2
William Langridge,1,10
William H R Langridge,1,6
Arpad Lanyi,1,1
Karoly Lapis,1,0
Mark Larche,1,30
Estibalitz Laresgoiti-Servitje,1,32
C P Larsen,1,14
K A Laschos,1,1
Gendie E Lash,1,3
E C Lattime,1,0
Allan S Y Lau,1,6
Chak-Sing Lau,1,18
Antti Lauerma,1,3
Terri M Laufer,1,27
J Laurence,1,6
Fabrice Laurent,1,1
Genevieve Laureys,1,4
Gregoire Lauvau,1,9
Ed C Lavelle,1,23
Toby Lawrence,1,35
Victoria Lawson,1,12
L J Layfield,1,3
M Le Hir,1,25
F Le Naour,1,1
Jean-Bernard Le Pecq,1,8
Delphine Le Roux,1,0
J Le Sellin,1,0
A D Le,1,14
Elizabeth A Leadbetter,1,4
M Lebastard,1,0
S Lebecque,1,1
Yvon Lebranchu,1,3
M Lebwohl,1,21
Marie-Therese Leccia,1,9
Georg Ledderose,1,2
P Lederlin,1,1
Min Ae Lee-Kirsch,1,5
A W Lee,1,15
Benhur Lee,1,5
Je-Jung Lee,1,6
Kyung-Mi Lee,1,1
Min-Geol Lee,1,2
Myung-Shik Lee,1,12
Patrick W K Lee,1,1
Richard T Lee,1,2
V W S Lee,1,6
Walter T Lee,1,1
Leo Lefrancois,1,7
Christian Leguern,1,5
Tracy L Lehman,1,4
Martin Lehmann,1,14
Paul J Lehner,1,10
T Lehner,1,10
S L Leikin,1,0
Andrew J Leishman,1,0
Norbert Leitinger,1,13
Diane Lejeune,1,16
Joel LeMaoult,1,17
Greg Lemke,1,183
M J Lenardo,1,2
Petar Lenert,1,6
Ana-Maria Lennon-Dumenil,1,9
Anthony S-Y Leong,1,13
Bernd Lepenies,1,14
Amir Lerman,1,6
Emil Lesho,1,0
Robert Graham Quinton Leslie,1,10
Maciej S Lesniak,1,2
Olivier Lesur,1,10
Megan Levings,1,9
Megan K Levings,1,55
William R Levis,1,0
Stuart M Levitz,1,8
David E Levy,1,44
Gary Levy,1,20
Jay A Levy,1,20
Ronald Levy,1,21
Andrew M Lew,1,39
Andrzej Lewinski,1,0
D A Lewinsohn,1,32
E C Lewis,1,7
J M Lewis,1,4
R M Lewis,1,0
E M Lezvinskaia,1,0
Gordon Li,1,18
Jieshou Li,1,0
Jinyao Li,1,1
Jun-Li Li,1,9
Jun-Min Li,1,0
Liangyi Li,1,0
Ming Li,1,1
Ming O Li,1,469
Ning Li,1,3
Shulin Li,1,11
Xiaobo Li,1,1
Xuhang Li,1,8
Yi Li,1,11
Zihai Li,1,6
Zhe-Xiong Lian,1,15
Hua-ping Liang,1,6
Yan Liang,1,1
Linda M Liau,1,5
Marshall A Lichtman,1,2
David Lillicrap,1,15
Jong-Seok Lim,1,1
Seah H Lim,1,14
Wendell A Lim,1,63
A H Limper,1,31
C-L S Lin,1,4
Hangliang Lin,1,3
Kah-Wai Lin,1,2
P Charles Lin,1,4
Yan-Juan Lin,1,0
Zhi-Bin Lin,1,11
Dennis M Lindell,1,9
Stefan Linder,1,6
Margaret A Lindorfer,1,11
Tamsin M Lindstrom,1,21
David C Linehan,1,34
Monika Linke,1,26
Michail S Lionakis,1,2
Martin Lipp,1,7
M F Lipscomb,1,0
M I Lisianyi,1,3
J Lisziewicz,1,8
Gentao Liu,1,1
Haiyan Liu,1,0
Jing Liu,1,3
Kang Liu,1,151
Shih-Ping Liu,1,0
Wen-Jun Liu,1,0
Wenjun Liu,1,1
Yan-Rong Liu,1,1
Zhan-Ju Liu,1,15
Zhen-jie Liu,1,0
Zu-Guo Liu,1,0
P O Livingston,1,6
Alexandra M Livingstone,1,8
Gregory Lizee,1,29
Carolina Llanos,1,7
Maria Garcia Lloret,1,3
Clare M Lloyd,1,59
Richard Lo-Man,1,6
C W Lober,1,24
Franco Locatelli,1,2
Camille Locht,1,2
Ansgar W Lohse,1,76
Giovanna Lombardi,1,12
Sarah L Londrigan,1,16
Aidan Long,1,1
Aidan A Long,1,4
Andrea Longatti,1,5
Maria Paula Longhi,1,1
M F Lopes,1,5
M Lopez-Botet,1,26
Carlos Lopez-Larrea,1,13
Carolina B Lopez,1,10
G M Lord,1,22
Joseph Lorenzo,1,1
T Lotti,1,1
J A Louis,1,3
Clifford A Lowell,1,13
B Lu,1,26
C Y Lu,1,15
Jin Hua Lu,1,30
Zheng-Rong Lu,1,4
Jeremy Luban,1,29
M Lucas,1,9
A J Lucendo,1,0
Andreas Luch,1,0
Maren Luchtefeld,1,4
F C Luft,1,0
T A Luger,1,9
S A Lugovskaia,1,0
Miodrag L Lukic,1,16
Katalin Lumniczky,1,9
T Lund,1,0
Ingrid E Lundberg,1,9
Rachel J Lundie,1,4
Jan D Lunemann,1,20
Guangheng Luo,1,3
Xin M Luo,1,1
Anne Luptrawan,1,6
Andrew D Luster,1,101
Sanjiv A Luther,1,6
Hans U Lutz,1,34
Waldemar Lutz,1,4
Nils Lycke,1,6
S D Lyman,1,5
Marina A Lynch,1,8
Charles W Lynde,1,22
Neil A Mabbott,1,44
Paul A Macary,1,17
Paolo Macchiarini,1,6
Andrew S MacDonald,1,18
Kelli P A MacDonald,1,1
Thomas T MacDonald,1,50
Donald Jr MacGlashan,1,4
Donald W Jr MacGlashan,1,9
Charles R Mackay,1,1
R M MacKie,1,0
Ian MacLennan,1,39
Amanda S Macleod,1,34
Gordon Macpherson,1,9
Gordon MacPherson,1,1
T J MacVittie,1,0
Meena S Madhur,1,1
Karen Madsen,1,13
Yoshinobu Maeda,1,6
Georges J M Maestroni,1,5
Pasquale Maffia,1,5
Gerard Mage,1,1
Azzam A Maghazachi,1,8
Bernard P Mahon,1,57
Rick M Maizels,1,23
S Majewski,1,0
A A Makhlay,1,0
Rama Malaviya,1,3
C Maliszewski,1,3
S B Mallory,1,0
Lene Malmgaard,1,2
R W Malone,1,1
Kevin J Maloy,1,30
James S Malter,1,2
Anatoli M Malyguine,1,4
Fathia Mami-Chouaib,1,1
Angelo A Manfredi,1,15
Santhakumar Manicassamy,1,10
S N Manie,1,1
Masoud H Manjili,1,6
T Manser,1,1
Michael K Mansour,1,25
N J Mantis,1,92
A Mantovanii,1,0
Eugene Maraskovsky,1,15
L M March,1,0
A Marchant,1,46
P N Marche,1,1
Simeone Marino,1,11
Sara Mariucci,1,1
Silva Markovic-Plese,1,5
E V Markusevich,1,0
Gianni Marone,1,8
Philippa Marrack,1,44
James C Marsh,1,7
Jean S Marshall,1,10
John L Marshall,1,0
Scott R Marshall,1,17
Nicola Martin,1,42
C Martinez-A,1,2
Eva M Martinez-Caceres,1,4
Luis Martinez-Lostao,1,2
Luisa Martinez-Pomares,1,40
Olivia M Martinez,1,10
Kazuo Maruyama,1,0
Tsutomu Masaki,1,4
I D Mascanfroni,1,4
J M Mascaro,1,1
Rosario Maselli,1,11
D Mason,1,3
Lauren M K Mason,1,16
M Massaia,1,1
L Massari,1,5
A Massimo Gianni,1,0
Majid Masso,1,4
Barbara J Masten,1,71
Enrico Mastrobattista,1,26
Hiroshi Masutani,1,2
Hideaki Masuzaki,1,8
Pablo Matar,1,10
Julien Matricon,1,4
Hiroshi Matsuda,1,4
H Matsue,1,0
Mary S Matsui,1,14
Kenjiro Matsuno,1,5
Koichi Matsuo,1,7
Masanori Matsuoka,1,0
Glenn K Matsushima,1,7
Kouji Matsushima,1,0
Kouji Matsushimaa,1,12
Hirokazu Matsushita,1,0
Fabrizio Mattei,1,14
Joerg Mattes,1,6
R A Matthay,1,0
J B Matthews,1,8
R J Matthews,1,5
Mats-Olof Mattsson,1,27
Claudia Mauri,1,47
Patrick H Maxwell,1,3
Tanya N Mayadas,1,6
Anne Mayer-Scholl,1,2
Terry M Mayhew,1,8
Cristobalina Mayorga,1,3
Julien Mazieres,1,1
M Mazzone,1,36
F McAllister,1,2
Martin D McCarter,1,0
Shaun R McColl,1,14
I McConnell,1,2
J P McCulley,1,7
Kenneth R McCurry,1,15
D M McDonald,1,4
Tracy L McGaha,1,7
Mandy J McGeachy,1,48
D A McKay,1,0
I A Mckay,1,0
D H McKenna,1,4
J L McKenzie,1,5
A McKnight,1,34
Donal P McLornan,1,2
C McMenamin,1,2
Shaun McNulty,1,13
Daniel W McVicar,1,103
Terry K Means,1,12
Jeffrey A Medin,1,7
Babak J Mehrara,1,0
M Meijerink,1,10
R Meiss,1,0
A A Melcher,1,12
Lode Melis,1,7
E D Mellins,1,11
M S Meltzer,1,6
Patricia Mendez-Samperio,1,0
Nahum Mendez-Sanchez,1,3
Hugo Mendieta-Zeron,1,4
Wilson S Meng,1,5
S J Mentzer,1,1
Hans P Merkle,1,16
Circe Mesa,1,5
Ilhem Messaoudi,1,23
Ozcan Met,1,1
Dennis W Metzger,1,44
Andreas Meyerhans,1,0
O D Miadelets,1,0
Edward A Miao,1,157
Patrick Midoux,1,3
L Miele,1,9
G W Mierau,1,8
F Miesowicz,1,16
Adane Mihret,1,9
Ashley M Miller,1,18
H R Miller,1,6
Joanna L Miller,1,5
Rachel L Miller,1,5
Owain R Millington,1,46
Paul Milne,1,0
G Milon,1,0
D B Milosevic,1,0
Tsuneyo Mimori,1,1
Toshihide Mimura,1,0
M Minchev,1,0
M Mino,1,0
Justine D Mintern,1,13
Kiran D Mir,1,4
Nicolae Mirancea,1,0
C Miranda de Carvalho,1,2
R G Mirmira,1,12
Y Mishima,1,4
Kazuaki Misugi,1,11
Duane A Mitchell,1,13
Paul Mitchell,1,4
Robert S Mittler,1,3
Yoshiki Miyachi,1,12
Susumu Miyamoto,1,4
Takeshi Miyamoto,1,13
Masayuki Miyasaka,1,0
Shoichiro Miyatake,1,0
Shuichi Miyazaki,1,7
Masaaki Miyazawa,1,0
Robert L Modlin,1,27
John R Moffett,1,96
Mohammad G Mohammad,1,5
Mo Yin Mok,1,2
Luciana L Molinero,1,6
Bruce A Molitoris,1,35
Eamonn S Molloy,1,1
A P Monaco,1,1
Archana Monie,1,9
Bradley J Monk,1,0
Cesare Montecucco,1,56
R A Monteil,1,0
Nancy A Monteiro-Riviere,1,3
Terezinha de Cresci Braga Montelli,1,4
M T Montero Vega,1,1
Juan J Montesinos,1,19
Silvia Monticelli,1,13
S Montplaisir,1,1
D Branch Moody,1,12
David J Mooney,1,46
J P Moore,1,130
K W Moore,1,1307
J W Moorhead,1,12
Jorge R Mora,1,11
Thomas M Moran,1,13
G Morand,1,3
Penelope A Morel,1,8
V B Morhenn,1,6
Ryosuke Mori,1,1
Akiko Morikawa,1,0
Shigeto Morimoto,1,0
W L Morison,1,9
A Morita,1,5
Brian J Morrison,1,30
W J Morrow,1,3
H C 3rd Morse,1,22
Michael Morse,1,14
Esmaeil Mortaz,1,5
Y M Mosaad,1,2
W Mosca,1,0
E Iu Moskaleva,1,0
Miriam E Mossoba,1,7
Elahe Motevaseli,1,4
P Moureaux,1,0
David L Moyes,1,4
Shmuel Muallem,1,9
Maria Muccioli,1,18
G C Mudde,1,1
Daniel L Mueller,1,92
Pinku Mukherjee,1,7
Bratati Mukhopadhyay,1,0
Muhammad Mahmood Mukhtar,1,9
H K Muller-Hermelink,1,9
Michaela C Muller-Trutwin,1,12
Alexander J Muller,1,41
Ingo Muller,1,8
S Muller,1,6
Viktor Muller,1,6
William R Mulley,1,9
D W Mullins,1,3
R F Mullins,1,337
Mark E Mummert,1,22
R J Mumper,1,2
David H Munn,1,1
Maria Angeles Munoz-Fernandez,1,0
Luis E Munoz,1,14
Nikhil C Munshi,1,3
Theresa L Murphy,1,49
James L Murray,1,3
Peter J Murray,1,97
Eddie F C Murta,1,2
Gopal Murugaiyan,1,3
Ravikumar Muthuswamy,1,18
Tuna Mutis,1,8
Masahiko Muto,1,0
Gy Muzes,1,1
J L Myers,1,7
Gary J Nabel,1,38
D Nachbaur,1,2
David Nadal,1,2
Kari C Nadeau,1,2
Ryozo Nagai,1,8
Sangeetha Nagarajan,1,0
M Nagashima,1,1
Makoto Nagata,1,17
Yuji Nagayama,1,0
Nandor Nagy,1,2
Nikoletta Nagy,1,0
Madhavan P N Nair,1,10
Seishiro Naito,1,0
Nader Najafian,1,5
Mehdi Najar,1,8
Shinsaku Nakagawa,1,0
Toshihiro Nakajima,1,5
Mary C Nakamura,1,66
Norihiro Nakamura,1,0
Takashi Nakamura,1,0
Michio Nakaya,1,0
Toshinori Nakayama,1,15
Ayten Nalbant,1,0
Nikolai V Naoumov,1,20
R B Narayanan,1,7
Krishnamurthy Natarajan,1,4
Gioacchino Natoli,1,13
Ulrike Naumann,1,2
Cristina V Navarrete,1,0
I Navarro-Teulon,1,0
Rabindranath Nayak,1,2
Paul H Naylor,1,0
Monica Neagu,1,9
Andre E Nel,1,101
Delia J Nelson,1,5
G R Nemerow,1,5
John Nemunaitis,1,25
Alessio Nencioni,1,9
Mihai G Netea,1,32
James M Neuberger,1,2
Markus F Neurath,1,22
Bruno M Neves,1,14
Rodney D Newberry,1,9
M Karen Newell-Rogers,1,0
Kenneth A Newell,1,6
Luciana Nichita,1,0
A Nicolini,1,4
Mark R Nicolls,1,41
Roberto F Nicosia,1,14
Mie Nieda,1,1
Jerry Y Niederkorn,1,15
G Niedermann,1,3
David G Nielsen,1,13
P Nieuwenhuis,1,2
Rienk Nieuwland,1,23
Tanja Ninkovic,1,8
Jun Nishihira,1,11
K Nishioka,1,1
Ewa Nizankowska-Mogilnicka,1,0
C Nobes,1,21
Cinzia Nobili,1,0
Alistair Noble,1,0
Samuel P Nobs,1,32
Yasuko Noda,1,121
Heidi Noels,1,249
Jerzy-Roch Nofer,1,10
Masaaki Noguchi,1,3
Masanori Noguchi,1,16
H Nomiyama,1,65
Shigeaki Nonoyama,1,0
Douglas M Noonan,1,17
Gunnel Nordmark,1,8
Nicola Normanno,1,2
S D Norton,1,3
Joshua D Nosanchuk,1,2
G J Nossal,1,13
R Nunez,1,0
Robert B Nussenblatt,1,1
Michel Nussenzweig,1,93
T B Nutman,1,1
Cliona O'Farrelly,1,36
Anne O'Garra,1,24
Kim L O'Neill,1,0
S M O'Neill,1,3
M G O'Rourke,1,1
Joyce O'Shaughnessy,1,9
Mary P O'Sullivan,1,3
Hans-Heinrich Oberg,1,24
A Oberholzer,1,0
Natasa Obermajer,1,42
Jordi C Ochando,1,1
Takenori Ochiai,1,2
Tekenori Ochiai,1,2
Christine Odoux,1,13
Sabine Oertelt-Prigione,1,54
Stefan Offermanns,1,10
R Offringa,1,0
K Ogasawara,1,0
Pearay L Ogra,1,8
Sangkon Oh,1,3
John R Ohlfest,1,14
Kenji Ohmori,1,0
Mari Ohmura-Hoshino,1,10
Hiroshi Ohno,1,2
Naohito Ohno,1,4
T Ohno,1,0
Yusei Ohshima,1,0
Hideho Okada,1,51
Haruki Okamura,1,0
Seiya Okuda,1,0
M R Okun,1,1
Per-Arne Oldenborg,1,20
Guillaume Oldenhove,1,82
Judith Olejnik,1,18
Jordi Olloquequi,1,0
David M Olson,1,26
Michal A Olszewski,1,2
Soji F Oluwole,1,2
Helen C ONeill,1,4
B H Ong,1,0
Santa Jeremy Ono,1,1
Takashi Onodera,1,5
Kazunori Onoe,1,0
Steven M Opal,1,11
Ciriana Orabona,1,16
Modesto Orea Solano,1,1
A N Orekhov,1,0
Carlos Ortiz-Hidalgo,1,2
Daniel Ortuno-Sahagun,1,5
M Osborn,1,1
Hiroyuki Oshiumi,1,0
Ferry Ossendorp,1,15
J M Ossewaarde,1,0
Julie R Ostberg,1,22
Anke Osterloh,1,10
Willem W Overwijk,1,4
Tarek M Owaidah,1,1
P Oxholm,1,0
Keiko Ozato,1,40
Oliver Pabst,1,22
Rose-Ann Padua,1,1
Andrea Page-McCaw,1,25
Clive Page,1,4
P Paglia,1,4
Chiranjib Pal,1,1
V Palathumpat,1,2
Krzysztof Palgan,1,0
Fredrik Palm,1,9
Scott M Palmer,1,3
S T Pals,1,13
Derwood H Pamphilon,1,3
Jian-ping Pan,1,0
Jian-Ping Pan,1,0
Yun Pan,1,0
Julian Panes,1,0
N Panoskaltsis,1,1
G Pantaleo,1,0
A J Pantuck,1,1
Rajita Pappu,1,27
A Paradowska-Gorycka,1,15
Prahlad Parajuli,1,2
G Pardo,1,1
D M Pardoll,1,53
Peter Parham,1,21
Se-Ho Park,1,11
Sung Gyoo Park,1,1
E K Parkinson,1,2
Giorgio Parmiani,1,45
Ian F Parney,1,10
P Parrilla Paricio,1,3
J A Parrish,1,2
Andrew T Parsa,1,0
M R Parwaresch,1,3
Mikhail Pashenkov,1,13
Jean-Jacques Patard,1,0
Anand C Patel,1,15
Dipika V Patel,1,2
A M Paterson,1,2
Prashant S Patole,1,9
Stephane Paul,1,2
Romain Pauwels,1,64
Ivan Pavic,1,4
Anna C Pavlick,1,4
Ewelina Pawlak,1,0
R Pawliczak,1,3
Eric Pearlman,1,24
James Edward Pease,1,24
G Pecher,1,0
Klaus Pechhold,1,4
Anders Elm Pedersen,1,9
E A Peets,1,0
Deniz Peker,1,1
Thomas P I Pembroke,1,1
W M Peng,1,8
Wen-Ming Peng,1,9
Nicholas A Peppas,1,7
Lara E Pereira,1,6
Liyanage P Perera,1,16
Mary Carmen Perez-Aguilar,1,2
J Perez-Oteyza,1,0
Guillermo I Perez-Perez,1,3
Jose A Perez-Simon,1,12
Andras Perl,1,50
Jean Pierre Schatzmann Peron,1,9
Anne-Laure Perraud,1,24
Laure Perrin-Cocon,1,8
I S Persina,1,0
Emma K Persson,1,18
T Peters,1,0
O H Petersen,1,26
Gyozo G Petranyi,1,4
S Petrasch,1,1
Margaret G Petroff,1,16
Roy Pettipher,1,4
A Pezzutto,1,0
Armelle Phalipon,1,12
Wellington Pham,1,8
Kyle K L Phua,1,0
M Piacentini,1,7
Marie-Pierre Piccinni,1,3
Ciriaco A Piccirillo,1,18
Chantal Pichon,1,4
Winfried F Pickl,1,0
Catherine A Picut,1,27
J Pieters,1,23
Geoffrey A Pietersz,1,7
Frederic Piette,1,2
Claudio Pignata,1,9
A Pileri,1,3
Lorenzo Pilla,1,1
Shiv Pillai,1,56
Shari A Pilon-Thomas,1,3
Pavel Pisa,1,1
P-J Pisella,1,0
Paula M Pitha,1,14
Mikael J Pittet,1,5
Quentin J Pittman,1,3
Theresa T Pizarro,1,3
W Placek,1,0
Leonidas C Platanias,1,13
Alessandro Plebani,1,26
Robert M Plenge,1,3
Scott E Plevy,1,20
Hidde Ploegh,1,9
Paul H Plotz,1,46
Fabrizio Poccia,1,6
Guido Poli,1,4
Anne Poliard,1,19
Ian F Pollack,1,10
Roger J Pomerantz,1,27
P Ponsaerts,1,19
M Popovic,1,4
S Poppema,1,1
H H Popper,1,0
Steven A Porcelli,1,9
A Porgador,1,1
Jacques Portoukalian,1,10
C S Potten,1,45
G K Potter,1,0
Patrice E Poubelle,1,3
Lars K Poulsen,1,32
L W Poulter,1,21
Ali Akbar Pourfathollah,1,4
Jonathan D Powell,1,38
Mark C Poznansky,1,1
David Pozo,1,21
Berent Prakken,1,6
A Prasse,1,0
Catriona Prendergast,1,0
George C Prendergast,1,98
Susan Prescott,1,2
Susan L Prescott,1,3
Jesus Prieto,1,3
Lionel Prin,1,19
E Pringault,1,4
J B Prins,1,5
Immo Prinz,1,3
Domenico Prisco,1,9
J Pritchard,1,65
Anna I Proietto,1,16
Catherine Prost-Squarcioni,1,4
Owen Proudfoot,1,5
G J Prud'homme,1,11
M Prunieras,1,0
B Przybilla,1,6
Irene Puga,1,10
I Puisieux,1,0
Alessandro Pulsoni,1,1
M A Purbhoo,1,11
Neelu Puri,1,42
A M Puzikov,1,0
Germain Puzo,1,33
Hai Qi,1,16
Shi-yong Qi,1,0
Lu-Gui Qiu,1,0
Chunfeng Qu,1,3
David I Quinn,1,7
Francisco J Quintana,1,4
F P Jr Quismorio,1,1
H Rabb,1,2
C Rabourdin-Combe,1,15
Richard A Rachubinski,1,9
P Racz,1,13
Heinfried H Radeke,1,7
L H Rademakers,1,2
Biserka Radosevic-Stasic,1,3
H-J Radzun,1,0
Asif Rafi,1,2
Haakon Ragde,1,8
Gwendoline Rahir,1,20
N G Rainov,1,6
Murugappan Jr Ramanathan,1,3
H G Rammensee,1,15
Torbjorn Ramqvist,1,17
A J Ramsay,1,8
Troy D Randall,1,13
S Ranjit,1,2
Richard M Ransohoff,1,160
A S Rao,1,0
Anjana Rao,1,35
Mangala Rao,1,0
Milan Raska,1,0
S Raskovic,1,2
E J Raubenheimer,1,1
David H Raulet,1,72
J Raulin,1,1
Anuradha Ray,1,5
Fabio Re,1,23
Patrick C Reading,1,13
Vijay Reddy,1,4
Raymond Reding,1,2
Arnela Redzovic,1,2
Steven G Reed,1,94
Barbara Rehermann,1,170
Muti Ur Rehman,1,6
Jerome M Reich,1,3
K Reich,1,4
D C Reid,1,8
H W Reid,1,1
C R Reilly,1,22
Jorg Reimann,1,13
Todd A Reinhart,1,8
Ole Petter Rekvig,1,10
Rajko Reljic,1,18
Giuseppe Remuzzi,1,1
Xiu-bao Ren,1,3
Xiubao Ren,1,1
Paul D Rennert,1,17
Urska Repnik,1,5
Jose M Requena,1,7
L Requena,1,0
Hendrik Reynaert,1,3
Nima Rezaei,1,0
Frits van Rhee,1,3
Poong-Lyul Rhee,1,3
Wasif Riaz,1,7
M Ribas-Mundo,1,0
Sharon D Ricardo,1,3
N R Rice,1,9
Ruggero Ridolfi,1,1
R Rieben,1,33
E P Rieber,1,4
Marc A Riedl,1,49
G M Rigolin,1,0
Adam I Riker,1,4
G F Rimmelzwaan,1,60
J Ring,1,0
Steven Ringquist,1,2
Brian Rini,1,0
Kate Rittenhouse-Olson,1,39
Amariliz Rivera,1,13
Juan Rivera,1,168
L Rivoltini,1,123
A P Rizopulu,1,3
Albert A Rizvanov,1,2
David A Rizzieri,1,0
J A Roake,1,2
L Rob,1,0
Melissa Robbiani,1,10
Andrew W Roberts,1,47
David J Roberts,1,9
Bruce W S Robinson,1,18
Alfredo Robledo Aguilar,1,0
Sara Maria Robledo,1,0
H M Roche,1,19
N Roche,1,2
Rosemary Rochford,1,54
M Rocken,1,2
Stanley G Rockson,1,9
Richard Roden,1,17
E Rodrigo,1,1
Miriam Rodriguez-Sosa,1,9
R Rodriguez,1,0
Ben Roediger,1,10
Helene Roelofs,1,37
Michel Roger,1,7
Kristin M Rogers,1,8
Erwin L Roggen,1,6
Ben Roitberg,1,0
Javier Rojo,1,6
A G Rolink,1,0
Jacek Rolinski,1,0
B Rolstad,1,15
P Romagnoli,1,4
Pedro Romero,1,11
J L Romet-Lemonne,1,0
Y Ron,1,64
M G Roncarolo,1,90
F Ronchese,1,14
Ruiming Rong,1,1
G David Roodman,1,24
Cliona M Rooney,1,9
R Martin 2nd Roop,1,53
Anja Roos,1,23
Ramon Roozendaal,1,56
J Rosai,1,19
Noel R Rose,1,16
Hugo R Rosen,1,10
Ken S Rosenthal,1,5
S A Rosenthal,1,13
G A Rossi,1,1
V Rossi,1,0
Susanne Rossner,1,8
Antal Rot,1,275
Marc E Rothenberg,1,15
Kristina I Rother,1,10
Helena Rotsztejn,1,0
Robert Rottapel,1,49
Martin E Rottenberg,1,6
M F Rousseau,1,27
Patrizia Rovere-Querini,1,2
P Rovere,1,0
Nikoletta Rovina,1,5
Donald A Rowley,1,5
Ajda Tahereh Rowshani,1,6
C S D Roxburgh,1,25
Krishnendu Roy,1,1
Rene Ruckert,1,18
Donald Rudikoff,1,1
W Ruf,1,8
Loredana Ruggeri,1,1
Antonio Ruggiero,1,3
Aurelia Rughetti,1,2
Bert Ruiter,1,16
Daniel Rukavina,1,3
O A Rukavitsyn,1,0
Vivian Mary Rumjanek,1,0
Sarah M Russell,1,3
Stephen J Russell,1,19
Vincenzo Russo,1,8
Thomas Rustemeyer,1,23
Melanie R Rutkowski,1,8
Thomas Ruzicka,1,2
E J Ryan,1,13
Renata Ryczan,1,0
M Ryo,1,0
Jay H Ryu,1,8
Armin Saalmuller,1,4
Rachel Lubong Sabado,1,15
Robert Sabat,1,13
David Sacks,1,87
Steven H Sacks,1,19
Michel Sadelain,1,30
A Sadir,1,0
Maziar Sadri,1,4
B Safai,1,0
Amar Safdar,1,0
Lonial Sagar,1,2
H Saidi,1,18
Sarbjit S Saini,1,2
Tatsuya Saitoh,1,1
Shimon Sakaguchi,1,249
Masatoshi Sakai,1,28
Nitin K Saksena,1,6
J Salamero,1,1
M Salatino,1,4
Imran Y Saleem,1,7
Shahram Salek-Ardakani,1,23
H R Salih,1,4
J Salk,1,1
A Saltzman,1,3
Suryaprakash Sambhara,1,76
P D Samman,1,4
Hugh A Sampson,1,6
A Sanchez-Fueyo,1,0
Silvia Sanchez-Ramon,1,0
Sergio Sanchez-Sosa,1,7
Johan K Sandberg,1,18
Virginia M Sanders,1,14
Dario Sangiolo,1,4
P Sansonetti,1,27
Pere Santamaria,1,10
Stefano Maria Santini,1,10
Fabio R Santori,1,1
Rajiv Sarin,1,8
Ana Bela Sarmento Ribeiro,1,0
A Sartori,1,3
Minnie M Sarwal,1,1
Yutaka Sasaki,1,0
Maria Notomi Sato,1,6
Mitsunobu Sato,1,7
Sachiko Sato,1,56
Takami Sato,1,0
E K Satter,1,0
Bipin N Savani,1,4
V G Savchenko,1,0
John Savill,1,378
Ariel Savina,1,17
Norimasa Sawada,1,7
Caner Saygin,1,21
D T Scadden,1,0
F Ulrich Schade,1,19
D Schadendorf,1,2
Matthew Schaller,1,7
J Scharfstein,1,11
Anton V M B Schattenberg,1,2
Jurgen Schauber,1,8
G Schaumburg-Lever,1,1
S Scheding,1,0
D Scheidegger,1,8
David A Scheinberg,1,4
C Scheller,1,4
H A Schenkein,1,11
Rik J Scheper,1,34
Giuseppe Schepisi,1,1
W A Scherbaum,1,0
Antoine Schernberg,1,0
R K Scheule,1,9
Annika Scheynius,1,12
Virgil Schijns,1,4
Gary Schiller,1,1
J T Schiller,1,10
Martin Schiller,1,1
Ulrike Schleicher,1,35
Robert P Schleimer,1,97
Jeffrey Schlom,1,1
D Schmidt,1,1
H Schmidt,1,6
Edgar Schmitt,1,5
Manfred J Schmitt,1,0
Ingo Schmitz,1,10
Jurgen Schmitz,1,42
J Schneider-Schaulies,1,19
D A Schneider,1,0
S C Schneider,1,2
Johannes Schodel,1,3
Patrick Schoffski,1,0
Eric Scholar,1,74
J W Schrader,1,10
L K Schrager,1,56
Barbara U Schraml,1,0
Hans Schreiber,1,9
S Schreiber,1,0
Dorien M Schrijvers,1,16
Nicolas W J Schroder,1,7
John T Schroeder,1,2
B Schuler-Thurner,1,3
Birgit C Schultes,1,2
E S Schultz,1,4
Christopher Schuster,1,6
Marie-Paule Schutze-Redelmeier,1,14
Danita H Schuurhuis,1,25
Robert F Schwabe,1,51
Michal Schwartz,1,30
Pamela L Schwartzberg,1,63
Herbert Schwarz,1,1
Edda Sciutto,1,14
Emmanuel Scotet,1,15
Stuart C Sealfon,1,0
P F Searle,1,0
Peter Sebo,1,55
Robert A Seder,1,21
Benjamin M Segal,1,8
David M Segal,1,50
Stephan Segerer,1,5
Alexander M Seifalian,1,34
H G Seijen,1,7
G V Seledtsova,1,6
B Seliger,1,12
B F Semenov,1,0
John W Semple,1,0
Gabriela Senti,1,9
E E Sercarz,1,5
Rita Elena Serda,1,10
Kristin Sere,1,4
Laurent Serre,1,5
C Servet-Delprat,1,7
E Severinson,1,0
A K Sewell,1,11
William A Sewell,1,12
Gregory J Seymour,1,17
Swati Shah,1,11
Michael Y Shapira,1,0
I M Shapranova,1,0
Andrew B Sharabi,1,18
Keith A Sharkey,1,6
Ranjit Sharma,1,1
William T Shearer,1,2
Hua-hao Shen,1,0
Jian Shen,1,0
Xi-Zhong Shen,1,22
Xizhong Shen,1,11
K C Sheng,1,9
Zhi-yong Sheng,1,2
Frances A Shepherd,1,0
Dean Sheppard,1,57
Linda A Sherman,1,66
Bor-Ching Sheu,1,9
Julia Alexandrovna Shevchenko,1,0
Muki S Shey,1,2
Bingyi Shi,1,9
Fu-Dong Shi,1,7
Yichao Shi,1,2
Keiichi Shibagaki,1,0
A Shibaki,1,0
Rebecca A Shilling,1,16
Kazunori Shimada,1,23
Jun Shimazaki,1,0
Kanako Shimizu,1,4
Yoji Shimizu,1,42
Jae Il Shin,1,0
Jeoung-Sook Shin,1,2
Kazuo Shiraki,1,0
Warren D Shlomchik,1,11
V Shpacovitch,1,31
A Shukla,1,2
Hari S Shukla,1,1
L D Shultz,1,4
Barry D Shur,1,37
Galina V Shurin,1,21
Nicola R Sibson,1,4
S S Siegelman,1,0
Maria Siemionow,1,1
J Sieper,1,4
Mikael Sigvardsson,1,1
M Silberer,1,0
R F Siliciano,1,50
Manuel A Silva,1,16
Angela Silvano,1,0
Patricia Ucelli Simioni,1,3
Anna Katharina Simon,1,22
Hans-Uwe Simon,1,8
M M Simon,1,0
Tunde Simon,1,5
A Singer,1,40
Komal Singh Sandhu,1,7
Bhagirath Singh,1,10
Nevil J Singh,1,1
Rakesh K Singh,1,2
F Sinigaglia,1,4
Photini Sinnis,1,13
C Sinzger,1,9
Jean-Claude Sirard,1,12
G Sirgo,1,2
Vanja Sisirak,1,149
Michael Sixt,1,31
A Sjolander,1,2
Katerina Skalova,1,7
Panagiotis Skendros,1,13
Grzegorz Skibinski,1,7
Joseph J Skitzki,1,22
M Skoberne,1,13
Annette E Skold,1,9
Oleksii A Skorokhod,1,2
Andrew E Sloan,1,6
S F Slovin,1,3
Peter D Sly,1,7
Jan Smid,1,1
Jolanda M Smit,1,55
Derek Smith,1,2
Kenneth G C Smith,1,87
Linda A Smith,1,1
Nicholas C Smith,1,37
Scott B Snapper,1,12
Marta Sochocka,1,0
Oliver Soehnlein,1,20
Ljiljana Sofronic-Milosavljevic,1,6
Elizabeth J Soilleux,1,16
Rafael Solana,1,58
M Solignac,1,0
Gen-Ichiro Soma,1,1
Maja A Sommerfelt,1,0
Nahum Sonenberg,1,10
G H Song,1,0
M Song,1,0
Xiao-Tong Song,1,1
R D Sontheimer,1,3
Lynn Soong,1,31
Maria Rathmann Sorensen,1,0
C Sorg,1,2
Rosalinda Sorrentino,1,18
Afsaneh Soruri,1,8
Eduardo M Sotomayor,1,10
J P Soulillou,1,0
Katharina Spanel-Borowski,1,1
Florian Sparber,1,3
Tim Sparwasser,1,5
G T Spear,1,6
I Spendlove,1,3
F Spinozzi,1,1
R Spisek,1,2
Roberto Spisni,1,6
Rosanne Spolski,1,40
G M Sprinzl,1,0
N Spruston,1,8
Roopa Srinivasan,1,2
G Srivastava,1,13
Pramod Srivastava,1,24
K J Stacey,1,6
Simona Stager,1,7
Peter J Stambrook,1,6
Theodore J Standiford,1,16
Thaddeus S Stappenbeck,1,35
M J Staquet,1,2
Mariusz Stasiolek,1,0
Frank R Stassen,1,1
Louis M Staudt,1,44
L N Staurina,1,0
Chad Steele,1,6
S H Stein,1,3
Kerstin Steinbrink,1,12
G Steiner,1,3
M Steinhoff,1,22
Michael A Steller,1,1
S Stenger,1,27
Arnulf Stenzl,1,3
Maciej Stepnik,1,2
P L Stern,1,0
W Sterry,1,1
Liljana Stevceva,1,4
Seth R Stevens,1,6
Mario Stevenson,1,125
A K Stewart,1,2
Stephen M Stick,1,6
Patrick J Stiff,1,0
Angus Stock,1,7
Brigitta Stockinger,1,88
Johannes Stockl,1,8
Maggie M Stoecker,1,3
Jean-Francois Stoltz,1,3
Joachim Storling,1,3
Letitia Adela Maria Streba,1,0
J G Strickler,1,4
Marius Strioga,1,8
Marius M Strioga,1,2
Renata Stripecke,1,15
Stephan Strobel,1,19
Herbert Strobl,1,3
Scott E Strome,1,1
Jack L Strominger,1,6
David F Stroncek,1,18
Richard A Strugnell,1,16
Andrew C Stubbs,1,2
Liping Su,1,0
Vladimir M Subbotin,1,1
J R Subjeck,1,14
Manikandan Subramanian,1,6
S Subramanya,1,2
Toshio Suda,1,1
Katsuo Sueishi,1,0
Jau-Ling Suen,1,2
Yukihiko Sugimoto,1,0
Kazunari Sugita,1,0
M Sugita,1,0
Bruce A Sullenger,1,46
Kathleen E Sullivan,1,1
Bo Sun,1,1
Erwei Sun,1,0
Jian-fang Sun,1,0
Jie Sun,1,27
Qinghua Sun,1,3
Shao-Cong Sun,1,2
Xue-Mei Sun,1,0
Y Sun,1,3
Krishna M Sundar,1,12
S Sur,1,3
Charles D Surh,1,2
Mark Suter,1,39
Kathrin Sutter,1,0
Kazutomo Suzue,1,0
Fumiko Suzuki,1,1
Mattias Svensson,1,12
J Swanson,1,44
R Syme,1,3
Sandra Szameit,1,0
M Szczepanik,1,3
Peter Szodoray,1,3
Henk F Tabak,1,27
Jacek Tabarkiewicz,1,1
Ira Tabas,1,415
Imad A Tabbara,1,20
Josep Tabernero,1,0
Fabienne Tacchini-Cottier,1,11
Paul J Tacken,1,22
A Taieb,1,0
Hisao Tajiri,1,14
Hideaki Takagi,1,4
Ichiro Takahashi,1,0
K Takahashi,1,0
T Takahashi,1,0
Toshiyuki Takai,1,0
Hirohisa Takano,1,2
T Takayama,1,0
Kiyoshi Takeda,1,0
Makoto Takeda,1,0
Noriko Takegahara,1,1
Masahiro Takigawa,1,0
Yoshihiro Takihara,1,1
James E Talmadge,1,14
Robert Tampe,1,9
A Tamsen,1,0
Tomohiko Tamura,1,31
Toshiki Tamura,1,0
Jianming Tan,1,4
Peng H Tan,1,3
Kazuo Tanaka,1,0
Noriaki Tanaka,1,0
Takashi Tanaka,1,24
Bor Luen Tang,1,1
Qizhi Tang,1,69
Ya H Tang,1,0
Masaru Taniguchi,1,19
Gillian M Tannahill,1,20
H Tapia-Perez,1,1
Rick L Tarleton,1,52
Attila Tarnok,1,1
P E Tarr,1,11
M P Tas,1,1
Sander W Tas,1,8
Svantje Tauber,1,11
Natalia Tavares,1,1
Chandrakant Tayade,1,0
Graham S Taylor,1,1
Maria Lucia Taylor,1,0
Robert Teasell,1,4
Alain Tedgui,1,29
A Tefferi,1,23
John R Teijaro,1,5
Michael A Teitell,1,28
Natalia Teleshova,1,3
Achim Temme,1,20
Y-T A Teng,1,5
K Tenner-Racz,1,51
K Terashima,1,1
N M Terazzini,1,1
Peter Terness,1,6
Yasuhito Terui,1,0
Hiroshi Terunuma,1,14
Dige Andom Tesfatsion,1,0
Takanori Teshima,1,0
Tesfaye S Tessema,1,14
Luc Teyton,1,5
Josef Thalhamer,1,0
Stamatios Theocharis,1,8
Argyrios N Theofilopoulos,1,356
C Thery,1,36
M Thewes,1,0
Jacques Theze,1,2
Lars Thiele,1,1
B H Thiers,1,0
Andrea K Thoma-Kress,1,2
Marilyn L Thoman,1,5
C Thomas,1,0
Edward Thorp,1,28
Zhigang Tian,1,8
H Tilg,1,5
E Tiligada,1,33
Jean-Pierre Timmermans,1,0
Robert W Tindle,1,67
Jenny P-Y Ting,1,4
Irene Tirado-Gonzalez,1,6
Manjul Tiwari,1,3
U Tjernlund,1,8
K Tobisu,1,0
Rene E M Toes,1,27
Padma Priya Togarrati,1,0
Tetsuya Toge,1,1
Kenzo Tokunaga,1,0
H Tomioka,1,0
Ruzica Jurakic Toncic,1,7
Alex W Tong,1,23
G Tonini,1,0
A-B Tonnel,1,0
Ruurd Torensma,1,4
Jordi B Torrelles,1,2
Joseph Torresi,1,5
I Toth,1,1
David Tougeron,1,1
David F Tough,1,44
Michel Toungouz,1,3
Irina L Tourkova,1,5
Anne Tournadre,1,2
Jennifer E Towne,1,16
Kumao Toyoshima,1,2
Michele Trabucchi,1,1
Dat Q Tran,1,22
Douglas K Trask,1,3
David Traver,1,5
Mark A Travis,1,14
Michel J Tremblay,1,5
Frederic Triebel,1,23
Giorgio Trinchieri,1,1
Christoph H Tripp,1,15
H L Trivedi,1,6
D Trono,1,77
Leendert A Trouw,1,4
M E Truckenmiller,1,8
C Trumpfheller,1,48
Shaw-Wei D Tsen,1,33
George C Tsokos,1,11
Anthony G Tsolaki,1,7
D A Tsomartova,1,0
E Tsoureli,1,0
N Tsuchiya,1,25
Tomiyasu Tsuda,1,1
Kazutake Tsujikawa,1,1
Allan Tsung,1,23
R R Tubbs,1,0
Sorina Tugulea,1,15
Stefan G Tullius,1,11
Laurence A Turka,1,10
E Turnbull,1,6
Marian L Turner,1,42
Heth R Turnquist,1,4
T Tursz,1,4
C J Turtle,1,5
P J Tutschka,1,0
Douglas S Tyler,1,4
Alexandar Tzankov,1,0
Antonio Uccelli,1,100
Tadashi Uchino,1,0
Heiichiro Udono,1,3
Toshimitsu Uede,1,39
Jack Uetrecht,1,2
Sophie Ugolini,1,510
Ferenc Uher,1,7
Holm Uhlig,1,9
S E Ullrich,1,4
Rainer G Ulrich,1,45
Michiaki Unno,1,0
Kazuko Uno,1,0
Halmurat Upur,1,4
M Urashima,1,2
K B Urdahl,1,49
Mitsuyoshi Utsugi,1,0
Koichi Uyemura,1,16
Jude E Uzonna,1,23
N Uzum,1,2
O Vaarala,1,12
Michael Vajdy,1,3
J van Bergen,1,8
H P Van Bever,1,3
Frank Van Calenbergh,1,7
P B Van Cauwenberge,1,11
Frank L van de Veerdonk,1,18
A L R Van De Velde,1,1
Ann L R Van de Velde,1,4
Gerlinde R Van de Walle,1,1
Willemijn van den Ancker,1,5
Linda M van den Berg,1,9
T K Van den Berg,1,0
Geert van den Bogaart,1,0
Marcel R M van den Brink,1,4
Lucas L van den Hoogen,1,1
Pierre van der Bruggen,1,18
Sjoerd H van der Burg,1,21
Robbert van der Most,1,1
Johan van der Vlag,1,13
Albert van der Vliet,1,13
Irma van Die,1,44
Ian R van Driel,1,2
Peter van Endert,1,1
R van Furth,1,34
Jo A Van Ginderachter,1,25
Rowan F van Golen,1,25
Stefaan Van Gool,1,28
Ellen Van Gulck,1,6
Luc Van Kaer,1,26
Yvette Van Kooyk,1,31
Jacob M van Laar,1,1
Sandra Van Lint,1,7
H van Loveren,1,6
Marvin M van Luijn,1,4
Geert R Van Pottelberge,1,4
Elly van Riet,1,102
N van Rooijen,1,0
N Van Rooijen,1,1
Joel A Van Roon,1,0
Joel A G van Roon,1,0
D J van Spronsen,1,13
Sandra J van Vliet,1,7
Sandra J Van Vliet,1,1
Menno C van Zelm,1,6
Henry F VanBrocklin,1,9
Ryan L Vander Veen,1,9
Joris Vanderlocht,1,9
B Vanhove,1,7
Luca Vannucci,1,10
Alberto Varas,1,12
Pablo Vargas,1,1
Robert Vassallo,1,23
Nosratola D Vaziri,1,31
Laszlo Vecsei,1,1
Sharon Veenbergen,1,11
Andrea Velardi,1,0
Paula A Velilla H,1,1
T Velu,1,0
Eneida Franco Vencio,1,2
Beatrice Vergier,1,0
I M Verma,1,23
M Vermeer,1,15
Daniela Verthelyi,1,16
R A Vescio,1,0
D Vestweber,1,33
Jean-Francois Viallard,1,0
Brian P Vickery,1,3
Pierre-Olivier Vidalain,1,1
Paula A Videira,1,2
B Viehweg,1,0
Stefan Vieths,1,0
Dario A A Vignali,1,12
Richard Vile,1,2
Anna Villa,1,0
Eduardo J Villablanca,1,0
D Vinatier,1,0
Carola G Vinuesa,1,69
Herbert W Virgin,1,5
L G Visser,1,0
G Vitaliti,1,3
Marta Vives-Pi,1,3
Gordana Vlahovic,1,1
Marc Vocanson,1,2
J C Vogel,1,8
R Volpe,1,2
Michael von Bergwelt-Baildon,1,34
Matthias G von Herrath,1,0
Ulrike von Rango,1,22
Esther Von Stebut,1,22
Robert H Vonderheide,1,2
J G Vos,1,1
D Vremec,1,2
Nikola L Vujanovic,1,12
Marisa Vulcano,1,0
Jatin M Vyas,1,1
Suresh P Vyas,1,6
A D Wagner,1,1
Christof Wagner,1,5
Claudia S Wagner,1,10
U Wagner,1,1
S M Wahl,1,16
B H Waksman,1,7
P Walden,1,0
Hanspeter Waldner,1,10
K Barry Walker,1,5
Lucy S K Walker,1,131
W Allan Walker,1,3
Eric Wallace,1,5
David Wallach,1,4
M K Wallack,1,1
Stephen R Walsh,1,7
Elke Walter,1,14
Thierry Walzer,1,18
Hui Wan,1,7
Jack R Wands,1,3
Chang-zheng Wang,1,0
Changsong Wang,1,2
Cong-Yi Wang,1,16
Endi Wang,1,6
F-S Wang,1,60
Fu Sheng Wang,1,22
Jianan Wang,1,5
Jin Wang,1,21
Jing-Zhang Wang,1,0
Michael Wang,1,4
Pin Wang,1,22
Qing-qing Wang,1,0
Shengdian Wang,1,0
Xi Wang,1,1
Xiang-Yang Wang,1,25
Xiangdong Wang,1,4
Y-H Wang,1,44
Yu-Jie Wang,1,0
Yuan Min Wang,1,0
Zhao Wang,1,0
Zhou Wang,1,4
Peter A Ward,1,17
Peter Wark,1,17
Peter A B Wark,1,2
Klaus Warnatz,1,14
Kenneth J Warrington,1,2
Maria Angelica Ehara Watanabe,1,0
S Watanabe,1,1
Yohei Watanabe,1,1
Stephanie K Watkins,1,25
Tania H Watts,1,7
P J Wauben-Penris,1,0
S R Webb,1,30
Christian Weber,1,183
Friedemann Weber,1,191
Jeffrey S Weber,1,11
Thomas Weichhart,1,9
E Weihe,1,1
Gunther Weindl,1,4
G J Weiner,1,0
Howard L Weiner,1,51
R A Weiss,1,89
Siegfried Weiss,1,2
C Weissmann,1,9
T Wekerle,1,6
H-J Welkoborsky,1,2
Yu-mei Wen,1,0
Ulrich Wenzel,1,5
Victoria P Werth,1,14
A K Wesa,1,13
R Weth,1,0
Jacqueline Whang-Peng,1,4
Katharine A Whartenby,1,2
John H White,1,8
C J Wiedermann,1,2
E A Wierenga,1,1
Agnieszka Wierzchniewska-Lawska,1,0
S K Wikel,1,10
Matthew E Wikstrom,1,26
Jacek R Wilczynski,1,4
David S Wilkes,1,13
Andrew F Wilks,1,5
Cynthia L Willard-Mack,1,52
Fabienne Willems,1,20
D M Williams,1,16
Ifor R Williams,1,45
K A Williams,1,23
Wesley M Williams,1,6
Marsha Wills-Karp,1,21
A Wilson,1,6
Christopher B Wilson,1,21
Robert H Wiltrout,1,14
W Jr Winkelstein,1,33
Sandra Winning,1,12
S S Witkin,1,6
M D Witmer-Pack,1,12
Esther Witsch,1,1
Torsten Witte,1,0
B A Woda,1,3
Justyna Wojas,1,2
A Wolf,1,0
Linda Wolff,1,4
Lawrence A Wolfraim,1,4
Barbara Wollenberg,1,5
Karl L Womer,1,41
Henry K Wong,1,0
Christopher Y Woo,1,6
G S Wood,1,0
D L Woodland,1,0
Kim A Woodrow,1,29
Creg J Workman,1,581
David C Wraith,1,13
Lucile Wrenshall,1,1
De-Pei Wu,1,0
Depei Wu,1,0
Feng Wu,1,3
Gregory F Wu,1,10
Jun Wu,1,2
Reen Wu,1,0
Yongjian Wu,1,6
Hans Christian Wulf,1,16
P A Wurtzen,1,7
B Wuthrich,1,0
Marcel Wuthrich,1,49
Michelle Wykes,1,4
Michelle N Wykes,1,21
P J Wysocki,1,1
Georgina Xanthou,1,3
Changqing Xia,1,1
Mengjuan Xia,1,2
Zhaofan Xia,1,1
Bao-Guo Xiao,1,7
Jianhui Xie,1,2
Qimei Xie,1,0
Feiyue Xing,1,12
P X Xing,1,9
Feng Xu,1,1
Geng XU,1,0
Hui Xu,1,31
Hongyu Xue,1,7
Yan-Hui Xue,1,0
H Yaegashi,1,2
Arzu Didem Yalcin,1,5
Lung T Yam,1,2
Takefumi Yamaguchi,1,0
Tomoyuki Yamaguchi,1,180
Sho Yamasaki,1,17
Shigeko Yamashiro,1,6
Junkoh Yamashita,1,0
Jun Yan,1,9
Yoshiki Yanagawa,1,0
Y Yanagi,1,6
Yoshiyuki Yanagihara,1,0
De-Juan Yang,1,0
Grace C H Yang,1,3
Gui-lian Yang,1,0
Gui-Lian Yang,1,0
Huan Yang,1,12
James C Yang,1,4
Shangyou Yang,1,4
Shi-Ming Yang,1,5
Wenfeng Yang,1,0
John R Yannelli,1,7
Qizhi Yao,1,21
Yihong Yao,1,10
Yong-Ming Yao,1,7
J L Yates,1,8
Robin M Yates,1,0
B-Linju Yen,1,35
Songcheng Ying,1,2
Sun Ying,1,6
Takehiko Yokomizo,1,15
Aya Yokota,1,8
Hiroo Yokozeki,1,0
E Yoles,1,6
Simon Yona,1,141
Yoshihiro Yoneda,1,20
Yoshikazu Yonemitsu,1,0
V Wee Yong,1,26
J W Yoon,1,16
Michael R York,1,7
Pierre Youinou,1,13
Deborah A Young,1,11
Howard A Young,1,13
Louise Young,1,112
M Rita Young,1,1
Chunfeng Yu,1,1
Hua Yu,1,69
Jian-chun Yu,1,8
Jin-Pu Yu,1,5
Shaoqing Yu,1,0
Zhe Yu,1,0
Z Q Yuan,1,0
Kwok-Yung Yuen,1,3
C-O Yun,1,16
Chae-Ok Yun,1,19
Raymond L Yung,1,16
Edmond J Yunis,1,23
Lisa C Zaba,1,7
Tatiana N Zabotina,1,0
Claus Zachariae,1,0
Habib Zaghouani,1,70
S Zampieri,1,1
Maurizio Zanetti,1,3
Ivan Zanoni,1,4
A Zapata,1,2
T S Zaporozhets,1,0
Amir Hassan Zarnani,1,3
J P Zarski,1,0
M Zeitz,1,10
Teresa Zelante,1,5
J Zeuthen,1,5
Xin-Hui Zhai,1,0
Yuan Zhai,1,0
Bin Zhang,1,3
Chun-Yang Zhang,1,0
H-G Zhang,1,17
Qianru Zhang,1,2
Su Zhen Zhang,1,5
Wei Zhang,1,0
X D Zhang,1,20
Xiao-Hui Zhang,1,0
Xiao-yan Zhang,1,0
Y I Zhang,1,3
Yi Zhang,1,1
Peilin Zhao,1,0
Shui-ping Zhao,1,8
Yi Zhao,1,6
Xia Zheng,1,11
Yong-Tang Zheng,1,2
Xiao-Ping Zhong,1,41
Jun-Ying Zhou,1,1
L F Zhou,1,2
Tong Zhou,1,26
Yaling Zhou,1,8
Zheng Zhou,1,31
Zhi-yi Zhou,1,3
Zhiguang Zhou,1,6
Hong-Jian Zhu,1,4
Ke-Jian Zhu,1,0
Muyuan Zhu,1,3
Alessandra Zingoni,1,19
Martin S Zinkernagel,1,3
Danny Zipris,1,17
G Zizzo,1,1
A Zlotnik,1,601
Mai-Britt Zocca,1,4
Maria Raffaella Zocchi,1,1
J P Zock,1,19
Gang M Zou,1,23
Christos C Zouboulis,1,0
Markus Zuber,1,1
Torsten Zuberbier,1,42
R H Zubler,1,9
Giovanni Zummo,1,4
Yunfei Zuo,1,5
V V Zverev,1,0
Norberto W Zwirner,1,13
